linha_csv;demandante;situacao;motivo;plano;numero_item;classe;valor_total;descricao
8;DIREN;bloqueado;valor zerado;;;9290;R$ 0,00;CUSTOS COM DIÁRIAS E PASSAGENS Ofício 934 (203544026) - 00053-00046552/2026-41 Curso Expedito de Supervisor
162;DIREN;bloqueado;valor zerado;;;9290;R$ 0,00;DRONE.GOV
191;DIREN;bloqueado;valor zerado;;;9290;R$ 0,00;CUSTOS COM DIÁRIAS E PASSAGENS Ofício 934 (203544026) - 00053-00046552/2026-41 Curso Expedito de Combustível de Aviação
243;DIREN;bloqueado;valor zerado;;;9290;R$ 0,00;CUSTOS COM DIÁRIAS E PASSAGENS Estudo interdisiplinar de Campo - Curso de Prevenção e Combate a Incêndio Florestal
286;DIREN;bloqueado;valor zerado;;;9290;R$ 0,00;CUSTOS COM DIÁRIAS E PASSAGENS Ofício 934 (203544026) - 00053-00046552/2026-41 Curso de Aperfeiçoamento em Aviônica MB
300;DIREN;bloqueado;valor zerado;;;9290;R$ 0,00;4º Seminário Drone Policial
314;DIREN;bloqueado;valor zerado;;;9290;R$ 0,00;Capacitação avançada para Especialistas Florestais
388;DIREN;bloqueado;valor zerado;;;9290;R$ 0,00;CUSTOS COM DIÁRIAS E PASSAGENS Ofício 934 (203544026) - 00053-00046552/2026-41 Curso de Básico de Busca e Salvamento
498;DIREN;bloqueado;valor zerado;;;9290;R$ 0,00;CUSTOS COM DIÁRIAS E PASSAGENS Ofício 934 (203544026) - 00053-00046552/2026-41 Curso Expedito de Agente de Segurança
528;DIREN;bloqueado;valor zerado;;;9290;R$ 0,00;CUSTOS COM DIÁRIAS E PASSAGENS Ofício 934 (203544026) - 00053-00046552/2026-41 Curso Expedito de Gestão de Manutenção
546;DIREN;bloqueado;valor zerado;;;9290;R$ 0,00;CUSTOS COM DIÁRIAS E PASSAGENS Ofício 934 (203544026) - 00053-00046552/2026-41 Curso Expedito de Técnicas de Ensino
555;DIREN;bloqueado;valor zerado;;;9290;R$ 0,00;Brasil Gov Summit 2027
562;DIREN;bloqueado;valor zerado;;;9290;R$ 0,00;CUSTOS COM DIÁRIAS E PASSAGENS Ofício 934 (203544026) - 00053-00046552/2026-41 Curso Expedito de Combate à Incêndio (C
568;DIREN;bloqueado;valor zerado;;;9290;R$ 0,00;CUSTOS COM DIÁRIAS E PASSAGENS Ofício 934 (203544026) - 00053-00046552/2026-41 Curso Expedito de Combate a Incêndio
574;DIREN;bloqueado;valor zerado;;;9290;R$ 0,00;CUSTOS COM DIÁRIAS E PASSAGENS Ofício 934 (203544026) - 00053-00046552/2026-41 Curso de Preparação de Instrutores (CPI)
580;DIREN;bloqueado;valor zerado;;;9290;R$ 0,00;CUSTOS COM DIÁRIAS E PASSAGENS Ofício 934 (203544026) - 00053-00046552/2026-41 Curso Expedito de Busca e Salvamento
585;GBS;bloqueado;valor total ausente;;;4220;;"MANEQUIM PARA TREINAMENTO DE SALVAMENTO - TIPO ADULTO. Tamanho compatível; Articulações móveis"
586;DIREN;bloqueado;valor zerado;;;9290;R$ 0,00;CUSTOS COM DIÁRIAS E PASSAGENS Ofício 934 (203544026) - 00053-00046552/2026-41 Curso Expedito de Combate a Incêndio
591;GBS;bloqueado;valor total ausente;;;4220;;"MANEQUIM PARA TREINAMENTO DE SALVAMENTO - TIPO INFANTO JUVENIL. Tamanho compatível; Articulações móveis"
592;DIREN;bloqueado;valor zerado;;;9290;R$ 0,00;CUSTOS COM DIÁRIAS E PASSAGENS Ofício 934 (203544026) - 00053-00046552/2026-41 Curso Expedito de Socorro e Salvamento
597;GBS;bloqueado;valor total ausente;;;4220;;"MANEQUIM PARA TREINAMENTO DE SALVAMENTO - TIPO BEBÊ. Tamanho compatível; Articulações móveis"
598;DIREN;bloqueado;valor zerado;;;9290;R$ 0,00;CUSTOS COM DIÁRIAS E PASSAGENS Ofício 934 (203544026) - 00053-00046552/2026-41 Curso Especial de Desativação
604;DIREN;bloqueado;valor zerado;;;9290;R$ 0,00;CUSTOS COM DIÁRIAS E PASSAGENS Ofício 934 (203544026) - 00053-00046552/2026-41 Treinamento de Escape de Aeronaves
610;DIREN;bloqueado;valor zerado;;;9290;R$ 0,00;CUSTOS COM DIÁRIAS E PASSAGENS Ofício 934 (203544026) - 00053-00046552/2026-41 Curso Expedito de Combate à Incêndio (C
616;DIREN;bloqueado;valor zerado;;;9290;R$ 0,00;CUSTOS COM DIÁRIAS E PASSAGENS Ofício 934 (203544026) - 00053-00046552/2026-41 Curso de Atualização em Contraincêndio
625;DIREN;bloqueado;valor zerado;;;9290;R$ 0,00;GovTech 4 Impact World Congress (G4I) - Madrid
632;DIREN;bloqueado;valor zerado;;;9290;R$ 0,00;CUSTOS COM DIÁRIAS E PASSAGENS Ofício 934 (203544026) - 00053-00046552/2026-41 Curso Expedito de Emergências Médicas
638;DIREN;bloqueado;valor zerado;;;9290;R$ 0,00;CUSTOS COM DIÁRIAS E PASSAGENS Ofício 934 (203544026) - 00053-00046552/2026-41 Curso Especial de Mergulho Saturado
644;DIREN;bloqueado;valor zerado;;;9290;R$ 0,00;CUSTOS COM DIÁRIAS E PASSAGENS Ofício 934 (203544026) - 00053-00046552/2026-41 Curso Especial de Supervisão de Mergulho
650;DIREN;bloqueado;valor zerado;;;9290;R$ 0,00;CUSTOS COM DIÁRIAS E PASSAGENS Ofício 934 (203544026) - 00053-00046552/2026-41 Curso Expedito de Mergulho Autônomo
656;DIREN;bloqueado;valor zerado;;;9290;R$ 0,00;CUSTOS COM DIÁRIAS E PASSAGENS Ofício 934 (203544026) - 00053-00046552/2026-41 Curso Expedito de Técnica de Ensino
662;DIREN;bloqueado;valor zerado;;;9290;R$ 0,00;CUSTOS COM DIÁRIAS E PASSAGENS Ofício 934 (203544026) - 00053-00046552/2026-41 Curso Especial de Adestramento de Cães
680;DIREN;bloqueado;valor zerado;;;9290;R$ 0,00;Gestão de Materiais em Almoxarifado com Foco na Catalogação
745;GBS;bloqueado;valor total ausente;;;4240;;TRAVA-QUEDA PARA CABO DE AÇO COM MOSQUETÃO
1099;DIREN;bloqueado;valor zerado;;;9290;R$ 0,00;CUSTOS COM DIÁRIAS E PASSAGENS Estudo interdisiplinar de Campo - CEPI Serviço de hospedagem
1230;GPCIV;bloqueado;valor total ausente;;;1171;;SOFTWARE: Aquisição de solução tecnológica em nuvem para gestão de ocorrências
1231;DIREN;bloqueado;valor zerado;;;9290;R$ 0,00;CUSTOS COM DIÁRIAS E PASSAGENS Ofício 934 (203544026) - 00053-00046552/2026-41 Curso Expedito de Operações Pantanal
1457;DIREN;bloqueado;valor zerado;;;9290;R$ 0,00;CUSTOS COM DIÁRIAS E PASSAGENS ESTUDO INTERDISCIPLINAR DE CAMPO - CURSO DE TRIPULANTE OPERACIONAL 2027
1524;DIREN;bloqueado;valor zerado;;;9290;R$ 0,00;CUSTOS COM DIÁRIAS E PASSAGENS Ofício 934 (203544026) - 00053-00046552/2026-41 Curso Expedito de Operações Ribeirinhas
1633;GBS;bloqueado;valor total ausente;;;1940;Aguardando preenchimento da ORDEM DE PRIORIDADE pelas seções...;BALSA RAFTING. Balsa para prática de rafting. Deverá possuir aproximadamente 8 (oito) compartimentos independentes
1722;DIREN;bloqueado;valor zerado;;;9290;R$ 0,00;CUSTOS COM DIÁRIAS E PASSAGENS Ofício 934 (203544026) - 00053-00046552/2026-41 Curso Expedito de Controle de Corrosão
1750;DIREN;bloqueado;valor zerado;;;9290;R$ 0,00;CUSTOS COM DIÁRIAS E PASSAGENS Ofício 934 (203544026) - 00053-00046552/2026-41 Curso Expedito Segurança de Aviação (C
1800;GBS;bloqueado;valor total ausente;;;4220;Aguardando preenchimento da ORDEM DE PRIORIDADE pelas seções...;CILINDRO DE AR COMPRIMIDO S40. Fabricado em alumínio de alta qualidade
1817;GBS;bloqueado;valor total ausente;;;4220;Aguardando preenchimento da ORDEM DE PRIORIDADE pelas seções...;CILINDRO DE AR COMPRIMIDO S29. Resistente à corrosão
1868;GBS;bloqueado;valor total ausente;;;4240;;ESMAGADOR DE CONCRETO. Ferramenta para rompimento controlado e silencioso de concreto
1932;DIREN;bloqueado;valor zerado;;;9290;R$ 0,00;CUSTOS COM DIÁRIAS E PASSAGENS Ofício 934 (203544026) - 00053-00046552/2026-41 Curso de Análise e Melhoria de Processos
2050;GBS;bloqueado;valor total ausente;;;4220;;BOLSA DE ARREMESSO. Bolsa/saco com corpo flutuante. Corda flutuante de aproximadamente 23m e 9mm
2113;DIREN;bloqueado;valor zerado;;;9290;R$ 0,00;CUSTOS COM DIÁRIAS E PASSAGENS Ofício 934 (203544026) - 00053-00046552/2026-41 Curso Expedito de Hidráulica de Aviação
2136;DIREN;bloqueado;valor zerado;;;9290;R$ 0,00;CUSTOS COM DIÁRIAS E PASSAGENS Ofício 934 (203544026) - 00053-00046552/2026-41 Treinamento de Escape de Aeronaves
2202;DIREN;bloqueado;valor zerado;;;9290;R$ 0,00;CUSTOS COM DIÁRIAS E PASSAGENS Ofício 934 (203544026) - 00053-00046552/2026-41 Curso de Prática de Ensino (CPE) FAB
2231;DIREN;bloqueado;valor zerado;;;9290;R$ 0,00;SIADS na Prática: Conformidade, Operacionalização e Gestão Estratégica de Bens Públicos
2310;GBS;bloqueado;valor total ausente;;;4220;Aguardando preenchimento da ORDEM DE PRIORIDADE pelas seções...;MÁSCARA SEMI FACIAL. Equipamento de proteção individual (EPI) para salvamento aquátivo
2317;GBS;bloqueado;valor total ausente;;;4220;Aguardando preenchimento da ORDEM DE PRIORIDADE pelas seções...;"COLETE FLUTUADOR COM FIVELA DE SOLTURA RÁPIDA. Flutuabilidade mínima de 12 kg; Tecido exterior Cordura 500R resinada"
6;GBS;publicado com pendência;unidade_fornecimento_ausente,mes_ausente;170394;2;4240;58800.0;LONA DE PROTEÇÃO. Material destinado à proteção de superfícies, quinas e bordas, bem como à base de apoio para equipamentos durante operações. Deve ser confeccionada em material resistente | 449052
7;COMAV;publicado com pendência;unidade_fornecimento_ausente;170394;3;9290;57500.0;Balanceamento de Rotores AS350 Séries ou H125 | 339039
13;GBS;publicado com pendência;unidade_fornecimento_ausente,mes_ausente;170394;5;4240;9998.0;"LÂMINA DE SERRA SABRE (especial) - tamanho aproximado: entre 14cm e 16 cm. Material: carbide ou do tipo ""heavy duty"". Lâmina com espessura reforçada. Utilizada para corte de materiais extremos como: metal espesso, aço inox, ferro fundido | 449052"
14;COMAV;publicado com pendência;unidade_fornecimento_ausente;170394;6;4920;36000.0;Escada/plataforma de inspeção móvel para aeronaves em alumínio, altura ajustável, base com rodízios travantes e guarda-corpo, para inspeção de rotor principal, cauda e fuselagem de helicóptero | 449052
15;DIREN;publicado com pendência;unidade_fornecimento_ausente;170394;7;9290;27300.0;contratação de serviço comum de empresa especializada em ministrar treinamento de recuperação de atitudes anormais (Upsety Recovery) | 339039
16;DIMAT;publicado com pendência;unidade_fornecimento_ausente;170394;8;7920;390.0;Artigos e utensílios para limpeza PANO | 339030
20;GBS;publicado com pendência;unidade_fornecimento_ausente,mes_ausente;170394;9;4220;2787.6;COLETE SALVA VIDAS. Tamanho G. Homologado pela Marinha do Brasil | 449052
21;COMAV;publicado com pendência;unidade_fornecimento_ausente;170394;10;4920;9000.0;Escada articulada tipo cavalete antiderrapante para inspeção de motor e transmissão de helicóptero | 449052
22;DIREN;publicado com pendência;unidade_fornecimento_ausente;170394;11;9290;12000.0;DRONESHOW 2027 | 339039
23;DIMAT;publicado com pendência;unidade_fornecimento_ausente;170394;12;7920;3058.08;Artigos e utensílios para limpeza LIXEIRA - Lixeira basculante, 100 litros, 75 cm de largura x 85 cm de altura, com 30 cm de profundidade. Cor: a escolher | 339030
27;GBS;publicado com pendência;unidade_fornecimento_ausente,mes_ausente;170394;13;6530;800.0;TORNIQUETE CANINO. Porta Torniquete preto + Torniquete K9 projetado para anatomia cônica (perna do K9), com tecnologia de tração integrada que evita deslizamento | 449052
28;COMAV;publicado com pendência;unidade_fornecimento_ausente;170394;14;4920;19500.0;Bancada de inspeção e reparo com tampo em aço inoxidável, gavetas e tomadas elétricas integradas | 449052
29;DIREN;publicado com pendência;unidade_fornecimento_ausente;170394;15;9290;3576.0;tep wildfire - Raciocínio Operacional para Bombeiros Florestais | 339039
34;GBS;publicado com pendência;unidade_fornecimento_ausente,mes_ausente;170394;17;7920;6000.0;SAQUINHO HIGIÊNICO COLETOR DE FEZES. Acessório destinado à coleta higiênica de dejetos caninos, indicado para uso em canis, áreas operacionais e atividades externas. Deve ser resistente | 339030
35;COMAV;publicado com pendência;unidade_fornecimento_ausente;170394;18;4920;15000.0;Bancada antiestática (ESD) para serviços em componentes aviônicos e eletrônicos | 449052
36;DIREN;publicado com pendência;unidade_fornecimento_ausente;170394;19;9290;25098.08;MBA Gestão de Projetos com IA - IBMEC | 339039
41;GBS;publicado com pendência;unidade_fornecimento_ausente,mes_ausente;170394;21;6505;465.0;AMOXICILINA E CLAVULANATO. Antibiótico | 339030
42;COMAV;publicado com pendência;unidade_fornecimento_ausente;170394;22;4920;7200.0;Refletor LED de alta intensidade portátil com tripé, ajuste de ângulo e cabo de força, para inspeção de áreas internas e externas da aeronave | 449052
43;DIREN;publicado com pendência;unidade_fornecimento_ausente;170394;23;9290;85000.0;curso Operações HAZMAT | 339039
48;GBS;publicado com pendência;unidade_fornecimento_ausente,mes_ausente;170394;25;4240;40000.0;KIT DE CONEXÃO DE INTERNET PORTÁTIL VIA SATÉLITE. Antena de internet via satélite de alta performance para comunicação em áreas remotas, portátil, quer permita o uso em movimento | 449052
49;COMAV;publicado com pendência;unidade_fornecimento_ausente;170394;26;4920;1350.0;Luminária LED de inspeção sem fio recarregável com luz fria, para detecção de trincas e corrosão | 449052
50;DIREN;publicado com pendência;unidade_fornecimento_ausente;170394;27;9290;19250.0;Gestão Integrada do Patrimônio Público com Uso da Inteligência Artificial | 339039
51;DIMAT;publicado com pendência;unidade_fornecimento_ausente;170394;28;7930;120.0;Artigos e utensílios para limpeza RODO | 339030
55;GBS;publicado com pendência;unidade_fornecimento_ausente,mes_ausente;170394;29;6910;300.0;BOLA DE BORRACHA PARA ADESTRAMENTO DE CÃES. Bola maciça de borracha, grande, com cravos e corda, indicada para adestramento e atividades de estímulo e condicionamento de cães | 339030
56;COMAV;publicado com pendência;unidade_fornecimento_ausente;170394;30;4920;15000.0;Estação de torque calibrada com jogo de torquímetros aeronáuticos certificados | 449052
57;DIREN;publicado com pendência;unidade_fornecimento_ausente;170394;31;9290;100000.0;Ultrassonografia Point-of-Care em Emergência e UTI | 339039
58;DIMAT;publicado com pendência;unidade_fornecimento_ausente;170394;32;7930;124.5;Produtos químicos para limpeza LIMPADOR MULTIUSO | 339030
62;GBS;publicado com pendência;unidade_fornecimento_ausente,mes_ausente;170394;33;6530;90.0;CORTADOR DE UNHA. Confeccionado em aço, com cabo plástico, tipo alicate, tamanho grande, para cães | 449052
63;COMAV;publicado com pendência;unidade_fornecimento_ausente;170394;34;4920;14000.0;Guincho/talha móvel para remoção e instalação de motor e componentes pesados | 449052
64;DIREN;publicado com pendência;unidade_fornecimento_ausente;170394;35;9290;35000.0;SBMEDE 2027 (Congresso Sul-Brasileiro de MEDICINA DE EMERGÊNCIA Adulto e Pediátrico) | 339039
69;GBS;publicado com pendência;unidade_fornecimento_ausente,mes_ausente;170394;37;6910;3600.0;"GUIA EM COURO. Guia em couro com fivela e mosquetão tipo argentino em latão maciço; 1,50m de comprimento e 15mm de espessura | 339030"
70;COMAV;publicado com pendência;unidade_fornecimento_ausente;170394;38;4920;60000.0;Unidade de potência de solo (GPU) para testes de sistemas elétricos de helicóptero | 449052
71;DIREN;publicado com pendência;unidade_fornecimento_ausente;170394;39;9290;7200.0;Fórum Sul-Brasileiro de Direito Administrativo e Controle das Admissões | 339039
72;COMAP;publicado com pendência;unidade_fornecimento_ausente,classe_sugerida;170394;40;5412;1229763.98;Construção do Canil Militar do grupamento de Busca e Salvamento - GBS | 449051
73;DIMAT;publicado com pendência;unidade_fornecimento_ausente;170394;41;4210;77500.0;Equipamentos de segurança Extintor de incêndio, tipo: pqs abc, capacidade: 06 kg | 449052
78;GBS;publicado com pendência;unidade_fornecimento_ausente,mes_ausente;170394;42;4320;60000.0;COMPRESSOR DE AR RESPIRÁVEL MÓVEL. Utilizado em atividades de mergulho. Possui fornecimento de ar comprimido independente de um local fixo, visto que pode ser facilmente transportado | 449052
79;COMAV;publicado com pendência;unidade_fornecimento_ausente;170394;43;8729;5021004.55;MANUTENÇÃO PEÇAS E SERVIÇO AERONAVE AT8T | 339039
80;GPCIV;publicado com pendência;unidade_fornecimento_ausente;170394;44;5915;2000.0;FILTRO DE LINHA, quantidade tomada: 5, voltagem: bivolt | 339030
81;DIREN;publicado com pendência;unidade_fornecimento_ausente;170394;45;9290;1166331.6;Contratação de instrutores para a aeronave Air Tractor AT-802F (AT8T), visando a formação, padronização, atualização e proficiência dos pilotos do CBMDF | 339039
82;DITIC;publicado com pendência;unidade_fornecimento_ausente;170394;46;1522;1080771.3;Outsourcing de impressão | 339039
83;DIMAT;publicado com pendência;unidade_fornecimento_ausente;170394;47;7930;26000.0;Produtos químicos para limpeza HIGIENIZADOR DE AR CONDICIONADO | 339030
87;GBS;publicado com pendência;unidade_fornecimento_ausente,mes_ausente;170394;48;6910;450.0;COLEIRA PARA CÃES NYLON 1000D. Coleira confeccionada em fita de nylon de alta resistência, com estrutura reforçada e acolchoada para maior conforto e proteção da pele do animal. Deve possuir alça superior em metal para fixação de guia | 339030
88;COMAV;publicado com pendência;unidade_fornecimento_ausente;170394;49;4920;12000.0;Armário ventilado para armazenamento de produtos químicos e inflamáveis conforme normas de segurança (NR) | 449052
89;DIREN;publicado com pendência;unidade_fornecimento_ausente;170394;50;9290;11700.0;Congresso Brasileiro de Direito Administrativo | 339039
90;DIMAT;publicado com pendência;unidade_fornecimento_ausente;170394;51;5975;1431.0;Material para instalação elétrica e de iluminação Extensão em fio paralelo, quantidade condutores: 2, bitola: 1,5mm², comprimento: 10m | 339030
94;GBS;publicado com pendência;unidade_fornecimento_ausente,mes_ausente;170394;52;4220;5250.0;BOIA CIRCULAR. Dispositivo rígido para resgate aquático por arremesso | 449052
95;COMAV;publicado com pendência;unidade_fornecimento_ausente;170394;53;4920;1400.0;Carrinho rasteiro (tipo creeper) com rodízios para inspeção e dreno na parte inferior do helicóptero, com encosto e apoio acolchoado | 449052
96;DIREN;publicado com pendência;unidade_fornecimento_ausente;170394;54;9290;20000.0;PGConf.EU 2027 – PostgreSQL Conference Europe | 339039
97;DIMAT;publicado com pendência;unidade_fornecimento_ausente;170394;55;6760;977.54;Material para manobra e patrulhamento BINÓCULO longo alcance | 449052
101;GBS;publicado com pendência;unidade_fornecimento_ausente,mes_ausente;170394;56;4240;3000.0;COLETE AQUÁTICO PARA CÃES. Colete salva-vidas destinado à proteção e flutuabilidade de cães em atividades aquáticas, garantindo segurança durante operações e treinamentos. Deve possuir elementos de alta visibilidade | 449052
102;COMAV;publicado com pendência;unidade_fornecimento_ausente;170394;57;4920;2700.0;Abafador de ruído tipo concha de alta atenuação (NRR elevado) para proteção auditiva em área de operação de aeronaves | 449052
103;DIREN;publicado com pendência;unidade_fornecimento_ausente;170394;58;9290;25000.0;Postgres Conference 2027 (EUA) | 339039
104;DIMAT;publicado com pendência;unidade_fornecimento_ausente;170394;59;5855;225.0;Materiais e acessórios de proteção individual Óculos de proteção, material: lentes de policarbonato com 180º, apresentação: incolor com proteção contra os raios uva/uvb | 449052
108;GBS;publicado com pendência;unidade_fornecimento_ausente,mes_ausente;170394;60;6910;15000.0;CAIXA DE TRANSPORTE PARA CÃES. Caixa destinada ao transporte seguro de cães, confeccionada em material resistente, com porta de abertura e sistema de trancamento rápido. Deve possuir ventilação em todo o perímetro para adequada circulação de ar | 339030
109;COMAV;publicado com pendência;unidade_fornecimento_ausente;170394;61;4920;1500.0;Protetor auricular de inserção reutilizável com estojo, certificado (CA), para uso em oficina de manutenção | 449052
110;DIREN;publicado com pendência;unidade_fornecimento_ausente;170394;62;9290;22500.0;PGConf.dev 2027 – PostgreSQL Development Conference | 339039
111;DIMAT;publicado com pendência;unidade_fornecimento_ausente;170394;63;7210;87207.5;Equipamentos e acessórios para microfilmagem Analisador espectral para varredura de equipamentos clandestinos de gravação de áudio e vídeo | 449052
115;GBS;publicado com pendência;unidade_fornecimento_ausente,mes_ausente;170394;64;6910;3900.0;COLAR ENFORCADOR PARA CÃES. Colar de adestramento confeccionado em aço inox, com elos metálicos, indicado para uso em treinamento e controle de cães. Deve apresentar elevada resistência mecânica, durabilidade e resistência à corrosão | 339030
116;COMAV;publicado com pendência;unidade_fornecimento_ausente;170394;65;4920;2100.0;Óculos de proteção de segurança com lente antiembaçante e proteção lateral, certificado (CA) | 449052
117;DIREN;publicado com pendência;unidade_fornecimento_ausente;170394;66;9290;4500.0;Introdução ao MongoDB – NoSQL (Novatec/4Linux) | 339039
118;DIMAT;publicado com pendência;unidade_fornecimento_ausente;170394;67;7110;1099.99;Máquinas e mobília para escritório FRAGMENTADORA automática 220V, fragmenta papel, grampos no papel clipes e cartão, tipo de corte: micro-corte ou supercorte em partículas, capacidade de folhas: 8 a 12 folhas (manual) ou até 150 folhas (automático) | 449052
122;GBS;publicado com pendência;unidade_fornecimento_ausente,mes_ausente;170394;68;6505;250.0;CARRAPATICIDA. À base de fipronil | 339030
123;COMAV;publicado com pendência;unidade_fornecimento_ausente;170394;69;4920;1350.0;Capa de chuva impermeável com capuz, para uso em pátio e operações externas com aeronaves | 449052
124;DIREN;publicado com pendência;unidade_fornecimento_ausente;170394;70;9290;6750.0;Linux Essentials – LPI (4Linux) | 339039
125;DIMAT;publicado com pendência;unidade_fornecimento_ausente;170394;71;7110;168000.0;Móveis em geral LONGARINA ESTOFADA DE 03 LUGARES | 449052
129;GBS;publicado com pendência;unidade_fornecimento_ausente,mes_ausente;170394;72;6505;90.0;SOLUÇÃO OTOLÓGICA PARA CÃES. Produto de uso veterinário indicado para a limpeza do conduto auditivo externo de cães, auxiliando na remoção de cerúmen, secreções e resíduos, contribuindo para a higiene e manutenção da saúde auricular | 339030
130;COMAV;publicado com pendência;unidade_fornecimento_ausente;170394;73;9290;36900.0;Advanced Trauma Life Support (ATLS) | 339039
131;DIREN;publicado com pendência;unidade_fornecimento_ausente;170394;74;9290;17000.0;Preparatório LPIC-2 – Linux Engineer (4Linux) | 339039
132;DIMAT;publicado com pendência;unidade_fornecimento_ausente;170394;75;7110;525000.0;Móveis escolares CADEIRA UNIVERSITÁRIA FIXA | 449052
136;GBS;publicado com pendência;unidade_fornecimento_ausente,mes_ausente;170394;76;6505;300.0;MELOXICAM. Anti-inflamatório não esteroidal (dor/inflamação) | 339030
137;COMAV;publicado com pendência;unidade_fornecimento_ausente;170394;77;9290;7000.0;Congresso Aeromédico (CONAER) | 339039
138;DIREN;publicado com pendência;unidade_fornecimento_ausente;170394;78;9290;14500.0;LPIC-3 303 – Linux Security (4Linux) | 339039
139;DIMAT;publicado com pendência;unidade_fornecimento_ausente;170394;79;7110;1176000.0;Móveis em geral ARMÁRIO BAIXO | 449052
143;GBS;publicado com pendência;unidade_fornecimento_ausente,mes_ausente;170394;80;6505;645.0;SOLUÇÃO OTOLÓGICA VETERINÁRIA. Solução otológica veterinária indicada para o tratamento de otite externa em cães, com ação antimicrobiana, antifúngica e anti-inflamatória, em formulação | 339030
144;COMAV;publicado com pendência;unidade_fornecimento_ausente;170394;81;9290;115000.0;Voos de Manutenção no AS350 B3/H125 | 339039
145;DIREN;publicado com pendência;unidade_fornecimento_ausente;170394;82;9290;13500.0;LPI DevOps Tools Engineer – Containers/CI-CD/Ansible/K8s (4Linux) | 339039
146;DIMAT;publicado com pendência;unidade_fornecimento_ausente;170394;83;7110;41508.0;Móveis em geral MESA | 449052
150;GBS;publicado com pendência;unidade_fornecimento_ausente,mes_ausente;170394;84;6505;300.0;PÓ HEMOSTÁTICO. Produto para o controle rápido de sangramentos superficiais, auxiliando na coagulação local em pequenos cortes, lesões ou procedimentos de rotina | 339030
151;COMAV;publicado com pendência;unidade_fornecimento_ausente;170394;85;8470;55000.0;ALÇA DE ELEVAÇÃO DE MACA DE RESGATE | 339030
152;DIREN;publicado com pendência;unidade_fornecimento_ausente;170394;86;9290;17500.0;DevOps Essentials (4Linux) | 339039
153;COMAP;publicado com pendência;unidade_fornecimento_ausente;170394;87;5429;350000.0;Cabine de Medição - Elétrica - ABMIL | 449051
154;DIMAT;publicado com pendência;unidade_fornecimento_ausente;170394;88;4210;7812.0;Equipamentos de segurança Extintor de incêndio, tipo: pqs abc, capacidade: 12 kg | 449052
159;GBS;publicado com pendência;unidade_fornecimento_ausente,mes_ausente;170394;89;9321;653670.8;SERVIÇO VETERINÁRIO ESPECIALIZADO. Prestação de serviços técnicos veterinários para atendimento clínico, procedimentos ambulatoriais, diagnósticos, tratamentos, vacinação, acompanhamento sanitário, atendimentos de urgência e emergência | 339039
160;COMAV;publicado com pendência;unidade_fornecimento_ausente;170394;90;9290;1178000.0;INSTRUTOR DE AIR TRACTOR/PA-18/CARAVAN/B200 | 339039
161;GPCIV;publicado com pendência;unidade_fornecimento_ausente;170394;91;5895;90000.0;MEGAFONE | 449052
163;DITIC;publicado com pendência;unidade_fornecimento_ausente;170394;92;1682;5000000.0;Aquisição de solução para digitalização de processos | 339039
164;DIMAT;publicado com pendência;unidade_fornecimento_ausente;170394;93;7110;3403332.0;Móveis de confecção mista para escritório CADEIRA FIXA | 449052
168;GBS;publicado com pendência;unidade_fornecimento_ausente,mes_ausente;170394;94;4240;75035.0;MOCHILA ESTANQUE PARA MATERIAL DE SALVAMENTO. Destinado ao transporte e proteção de materiais em ambientes úmidos ou alagados, sendo totalmente impermeável. Deve ser confeccionada em material resistente, com tratamento U.V | 449052
169;COMAV;publicado com pendência;unidade_fornecimento_ausente;170394;95;9290;3500.0;Congresso Nacional de Enfermagem Aeroespacial (CONABRAER) | 339039
170;DIREN;publicado com pendência;unidade_fornecimento_ausente;170394;96;9290;27500.0;DevOps Engineer (4Linux) | 339039
171;DIMAT;publicado com pendência;unidade_fornecimento_ausente;170394;97;7110;131438.16;Móveis em geral MESA RETÂNGULAR DE REFEITÓRIO III | 449052
175;GBS;publicado com pendência;unidade_fornecimento_ausente,mes_ausente;170394;98;4240;1423.2;DISCO DIAMANTADO - para cortadores de alta potência. Borda diamantada soldada por brasagem a vácuo. Ideal para aço, metais nao ferrosos, concreto, PVC e/ou vidro. Diâmetro externo do disco: de 350 mm a 355mm | 449052
176;COMAV;publicado com pendência;unidade_fornecimento_ausente;170394;99;9290;91000.0;Qualificação Tipo Célula H130 (EC130 T2) e EC130 B4 | 339039
177;DIREN;publicado com pendência;unidade_fornecimento_ausente;170394;100;9290;20000.0;Azure Database Administrator (Microsoft) | 339039
178;DIMAT;publicado com pendência;unidade_fornecimento_ausente;170394;101;7320;3780.0;Material e utensílio para copa e cozinha Colher sopa, material: aço inox | 449052
182;GBS;publicado com pendência;unidade_fornecimento_ausente,mes_ausente;170394;102;8465;140000.0;BOTAS PARA CANIONISMO. Solado de alta aderência para ambientes molhados e pedregosos | 339030
183;COMAV;publicado com pendência;unidade_fornecimento_ausente;170394;103;9290;45000.0;Mecânico Célula Reciclagem EC130 B4 e H130 | 339039
184;DIREN;publicado com pendência;unidade_fornecimento_ausente;170394;104;9290;12500.0;AWS Cloud Practitioner (AWS Training) | 339039
185;DIMAT;publicado com pendência;unidade_fornecimento_ausente;170394;105;5975;2035.0;Material para instalação elétrica e de iluminação Lâmpada de led | 339030
189;GBS;publicado com pendência;unidade_fornecimento_ausente,mes_ausente;170394;106;6910;2625.0;CLICKER. Acessório sonoro manual por acionamento, tipo CLICKER, usado para treinamento de cães | 339030
190;COMAV;publicado com pendência;unidade_fornecimento_ausente;170394;107;9290;165000.0;Qualificação de Tipo Célula H135 (EC135 T3H/P3H - Helionix®) | 339039
196;GBS;publicado com pendência;unidade_fornecimento_ausente,mes_ausente;170394;109;6910;2850.0;"GUIA EM FITA EMBORRACHADA. Guia confeccionada em fita emborrachada na cor preta; mosquetão tipo argentino em latão maciço | 339030"
197;COMAV;publicado com pendência;unidade_fornecimento_ausente;170394;110;9290;57500.0;Balanceamento de Rotores H135 (Helionix®) ou EC135 | 339039
198;DIREN;publicado com pendência;unidade_fornecimento_ausente;170394;111;9290;385000.0;Contratação de empresa para execução de serviço comum de fornecimento de instrução para concessão de habilitação de classe de avião multimotor terrestre e habilitação de Voo por Instrumentos | 339039
199;DIMAT;publicado com pendência;unidade_fornecimento_ausente;170394;112;5975;78.99;Material para instalação elétrica e de iluminação FILTRO DE LINHA, 6 tomadas, padrão universal, bivolt | 339030
203;GBS;publicado com pendência;unidade_fornecimento_ausente,mes_ausente;170394;113;4240;14000.0;DISCO PARA CORTADOR A DISCO PARA CONCRETO. Profissional, para corte pesado de concreto e metal em estruturas colapsadas | 449052
204;COMAV;publicado com pendência;unidade_fornecimento_ausente;170394;114;9290;115000.0;Voos de Manutenção H135 | 339039
205;DIREN;publicado com pendência;unidade_fornecimento_ausente;170394;115;9290;56000.0;Treinamento de manutenção de motores Pratt & Whitney (PT6) | 339039
210;GBS;publicado com pendência;unidade_fornecimento_ausente,mes_ausente;170394;117;4240;5293.0;Lâmina de Serra Sabre (bimetal), tamanho entre 14cm a 16cm (6 polegadas com variação aceitável de 1cm para mais ou para menos) | 449052
211;COMAV;publicado com pendência;unidade_fornecimento_ausente;170394;118;9290;45000.0;Documentação Técnica Airbus Helicopters e Noções básicas de legislações aeronáuticas | 339039
212;DIREN;publicado com pendência;unidade_fornecimento_ausente;170394;119;9290;85000.0;curso Técnico HAZMAT | 339039
213;DIMAT;publicado com pendência;unidade_fornecimento_ausente;170394;120;5975;240.0;Material para instalação elétrica e de iluminação CONDULETE | 339030
217;GBS;publicado com pendência;unidade_fornecimento_ausente,mes_ausente;170394;121;4240;1423.2;"Disco Diamantado, material: Aço; diâmetro: 350mm a 355mm, para cortador a disco | 449052"
218;COMAV;publicado com pendência;unidade_fornecimento_ausente;170394;122;9290;90000.0;Coordenador de Manutenção | 339039
219;DIREN;publicado com pendência;unidade_fornecimento_ausente;170394;123;9290;9770.0;Curso SCI 400 | 339039
220;DIMAT;publicado com pendência;unidade_fornecimento_ausente;170394;124;5975;250.0;Material para instalação elétrica e de iluminação EXTENSÃO Múltipla | 339030
224;GBS;publicado com pendência;unidade_fornecimento_ausente,mes_ausente;170394;125;4240;27300.0;CHAVE DE IMPACTO. Tipo pistola à bateria, 18V ou superior. Com motor sem escovas de carvão e controle eletrônico de velocidade variável acionado pelo gatilho | 449052
225;COMAV;publicado com pendência;unidade_fornecimento_ausente;170394;126;9290;45000.0;Operação e Manutenção de Baterias Aeronáuticas (NI-CA) | 339039
226;DIREN;publicado com pendência;unidade_fornecimento_ausente;170394;127;9290;69800.0;PHTLS – Prehospital Trauma Life Support | 339039
227;DIMAT;publicado com pendência;unidade_fornecimento_ausente;170394;128;5975;900.0;Material para instalação elétrica e de iluminação Fio 2,5mm rolo com 100 metros núcleos variados, antichama | 339030
231;GBS;publicado com pendência;unidade_fornecimento_ausente,mes_ausente;170394;129;4220;30000.0;CINTA PARA NADADEIRA DE CALCANHAR ABERTO. Oferece ajuste seguro e personalizável para uma ampla gama de tamanhos de pés | 449052
232;COMAV;publicado com pendência;unidade_fornecimento_ausente;170394;130;9290;64000.0;BL-29700-23 Flight Line Safety & Maintenance Training - Guincho Breeze-Eastern | 339039
233;DIREN;publicado com pendência;unidade_fornecimento_ausente;170394;131;9290;28000.0;Curso de METODOLOGIAS ATIVAS | 339039
234;COMAP;publicado com pendência;unidade_fornecimento_ausente,classe_sugerida;170394;132;5412;3267528.28;43º GBM - Construção do - SRTVS (Tipo C) | 449051
235;DIMAT;publicado com pendência;unidade_fornecimento_ausente;170394;133;9290;126500.0;Serviços de instrução e orientação profissional CURSO - Contratação direta e inexigibilidade de licitação com base na lei 14.133/2021 e seus regulamentos, atualizado com a in 67/2021 da dispensa eletrônica | 339039
240;GBS;publicado com pendência;unidade_fornecimento_ausente,mes_ausente;170394;134;4240;135894.0;TRAVA-QUEDAS MÓVEL BIDIRECIONAL EM CORDA COM FUNÇÃO BLOQUEADOR. Dispositivo de proteção individual destinado à segurança contra quedas durante deslocamento em atividades em altura. Deve ser fabricado em materiais resistentes | 449052
241;COMAV;publicado com pendência;unidade_fornecimento_ausente;170394;135;8599;570000.0;CREDENCIAMENTO PILOTO AIR TRACTOR/PA-18/CARAVAN/B200 | 339039
242;GPCIV;publicado com pendência;unidade_fornecimento_ausente;170394;136;7195;9600.0;CADEIRA DOBRÁVEL - Material: Aço, tratamento antiferrugem, suporta até 120 kg, dimensões: fechado: 4 x 38 x 91 cm (CxLxA), aberto: 44 x 38 x 80 cm (CxLxA), Peso: 3,025 kg | 449052
244;DITIC;publicado com pendência;unidade_fornecimento_ausente;170394;137;7050;600000.0;Manutenção dos subsistemas das Salas Técnica (Energia, Climatização e Combate a Incêndio), além dos serviços de disponibilidade do serviço de Internet, Intranet | 449052
245;DIMAT;publicado com pendência;unidade_fornecimento_ausente;170394;138;5835;100.0;Materiais e acessórios de proteção individual Protetor auricular, material: plástico de alta qualidade, almofadas externas e haste flexível, nível de redução ruídos: 21 db, tipo: concha | 449052
249;GBS;publicado com pendência;unidade_fornecimento_ausente,mes_ausente;170394;139;6910;900.0;COLEIRA ELÁSTICA PARA USO COM COLAR ELETRÔNICO. Coleira elástica destinada ao uso com colar eletrônico de treinamento, devendo ser compatível com os modelos adotados pela corporação. Deve proporcionar ajuste seguro e confortável ao cão | 339030
250;COMAV;publicado com pendência;unidade_fornecimento_ausente;170394;140;8465;25000.0;ALÇA DE ELEVAÇÃO PARA CONEXÃO | 339030
251;DIREN;publicado com pendência;unidade_fornecimento_ausente;170394;141;9290;30000.0;Curso de Pós-Graduação em EDUCAÇÃO A DISTÂNCIA | 339039
252;DIMAT;publicado com pendência;unidade_fornecimento_ausente;170394;142;4210;338.7;Materiais e acessórios de proteção de bens públicos Cadeado, material corpo: latão maciço, haste em aço | 449052
256;GBS;publicado com pendência;unidade_fornecimento_ausente,mes_ausente;170394;143;6505;1600.0;SHAMPOO DERMATOLÓGICO PARA CÃES. Shampoo terapêutico de uso veterinário, indicado para higiene de cães com pele sensível, dermatites ou desequilíbrios cutâneos, auxiliando na limpeza, proteção e manutenção da saúde da pele e da pelagem | 339030
257;COMAV;publicado com pendência;unidade_fornecimento_ausente;170394;144;8465;6000.0;BASTÃO DE LUZ QUÍMICA (AMARELO) | 339030
258;DIREN;publicado com pendência;unidade_fornecimento_ausente;170394;145;9290;30000.0;Curso de Pós-Graduação em EDUCAÇÃO A DISTÂNCIA | 339039
259;DIMAT;publicado com pendência;unidade_fornecimento_ausente;170394;146;8465;80102.0;Materiais e acessórios de proteção individual ABAFADOR de ruídos tipo concha. Mais | 339030
263;GBS;publicado com pendência;unidade_fornecimento_ausente,mes_ausente;170394;147;6505;1435.0;MEDICAMENTO VETERINÁRIO PARA CONTROLE DE PRURIDO. Medicamento veterinário, indicado para o controle do prurido (coceira) associado a quadros de dermatite alérgica e/ou dermatite atópica em cães | 339030
264;COMAV;publicado com pendência;unidade_fornecimento_ausente;170394;148;8465;21000.0;COLETE TÁTICO OPERADOR AEROTÁTICO | 339030
265;DIREN;publicado com pendência;unidade_fornecimento_ausente;170394;149;9290;22000.0;Oficina de Licitações para Contratação de Serviços de Concursos Públicos | 339039
266;DIMAT;publicado com pendência;unidade_fornecimento_ausente;170394;150;7210;266.77;Equipamentos e acessórios para som MICROFONE UNIDIRECIONAL | 449052
270;GBS;publicado com pendência;unidade_fornecimento_ausente,mes_ausente;170394;151;6910;1200.0;BOLA DE ADESTRAMENTO PARA CÃES. Bola destinada ao adestramento e condicionamento de cães, confeccionada em material resistente e adequada para atividades de treinamento, estímulo físico e mental do animal | 339030
271;COMAV;publicado com pendência;unidade_fornecimento_ausente;170394;152;4030;760.0;CORDA DE MULTIFILAMENTO TRANÇADA CARRETEL 190M | 339030
272;DIREN;publicado com pendência;unidade_fornecimento_ausente;170394;153;9290;17500.0;PGConf India 2027 – PostgreSQL Conference India | 339039
273;DIMAT;publicado com pendência;unidade_fornecimento_ausente;170394;154;3230;138.88;"Ferramentas, Máquinas e bonecas de marcenaria, Carpintaria e serralheria Torno morsa Coordenada, Ferro 4"" 100mm, Para Furadeira de Bancada, sem base giratória. Mais | 449052"
277;GBS;publicado com pendência;unidade_fornecimento_ausente,mes_ausente;170394;155;6910;2400.0;BRINQUEDO INTERATIVO COM DISPENSER DE RAÇÃO OU PETISCO PARA CÃES. Brinquedo interativo destinado ao enriquecimento ambiental e ao adestramento de cães, confeccionado em borracha resistente | 339030
278;COMAV;publicado com pendência;unidade_fornecimento_ausente;170394;156;4030;7050.0;ESTROPO PARA RESGATE | 339030
279;DIREN;publicado com pendência;unidade_fornecimento_ausente;170394;157;9290;15000.0;PostgreSQL Conference Nepal 2027 | 339039
280;DIMAT;publicado com pendência;unidade_fornecimento_ausente;170394;158;3230;109.5;Ferramentas em geral Pincel, material cerdas: material sintético, cabo plástico, tamanho: 4 polegadas | 449052
284;GBS;publicado com pendência;unidade_fornecimento_ausente,mes_ausente;170394;159;6910;13000.0;COLEIRA ELETRÔNICA DE TREINAMENTO PARA CÃES. Coleira de adestramento com controle remoto, indicada para treinamento e controle de cães de diferentes portes. Deve possuir múltiplos modos de estímulo, como aviso sonoro, vibração e estímulo elétrico | 339030
285;COMAV;publicado com pendência;unidade_fornecimento_ausente;170394;160;4030;21000.0;EXTENSOR REGULAVEL DE SEGURANÇA PARA OPERADOR AEROTATICO | 339030
287;DIMAT;publicado com pendência;unidade_fornecimento_ausente;170394;161;3460;4910.0;Outras ESCADA EM ALUMÍNIO | 449052
291;GBS;publicado com pendência;unidade_fornecimento_ausente,mes_ausente;170394;162;6505;60.0;DEXAMETASONA. Corticoide (anti-inflamatório/imunossupressor) | 339030
292;COMAV;publicado com pendência;unidade_fornecimento_ausente;170394;163;8465;12000.0;JOELHEIRA TATICA | 339030
293;DIREN;publicado com pendência;unidade_fornecimento_ausente;170394;164;9290;577350.0;capacitação para pilotos de asa fixa do Corpo de Bombeiros Militar do Distrito Federal (CBMDF) no curso de aviação agrícola (CAVAG) | 339039
294;DIMAT;publicado com pendência;unidade_fornecimento_ausente;170394;165;7310;437.44;Material e utensílio para copa e cozinha Garrafa térmica, material corpo: aço inox, sistema de pressão, ampola de vidro, alça transparente, formato: cilindríco, capacidade: 1,8 litros | 449052
298;GBS;publicado com pendência;unidade_fornecimento_ausente,mes_ausente;170394;166;6505;95.0;PREDNISOLONA. Corticoide | 339030
299;COMAV;publicado com pendência;unidade_fornecimento_ausente;170394;167;6530;13200.0;LUVA ANTI IMPACTO PARA TRABALHO COM GUINCHO DE AERONAVE | 449052
301;DIMAT;publicado com pendência;unidade_fornecimento_ausente;170394;168;7310;5664.96;Material e utensílio para copa e cozinha Garrafa térmica, material corpo: aço inox, sistema de pressão, ampola de vidro, alça transparente, formato: cilíndrico, capacidade: 1,8 litros | 449052
305;GBS;publicado com pendência;unidade_fornecimento_ausente,mes_ausente;170394;169;4240;2886.0;FITA/CINTA DE CARGA COM CATRACA. Conjunto destinado à amarração e fixação segura de cargas, composto por cinta têxtil e sistema de catraca metálica com ganchos nas extremidades. Deve permitir tensionamento adequado | 449052
306;COMAV;publicado com pendência;unidade_fornecimento_ausente;170394;170;4240;40000.0;MACA DOBRAVEL PARA RESGATE - MEDEVAC | 449052
307;DIREN;publicado com pendência;unidade_fornecimento_ausente;170394;171;9290;25160.0;SCI 300 | 339039
308;DIMAT;publicado com pendência;unidade_fornecimento_ausente;170394;172;7310;662.4;Material e utensílio para copa e cozinha Copo vidro, material: vidro, capacidade: 300 ml, formato: cilíndrico, apresentação: liso | 449052
312;GBS;publicado com pendência;unidade_fornecimento_ausente,mes_ausente;170394;173;4240;6000.0;ESTANTE DESMONTÁVEL. Organização de materiais e suprimentos em bases temporárias | 449052
313;COMAV;publicado com pendência;unidade_fornecimento_ausente;170394;174;4240;90000.0;MOSQUETÃO TIPO K, COM CONEÇÃO PARA TALABARTE | 449052
315;COMAP;publicado com pendência;unidade_fornecimento_ausente,classe_sugerida;170394;175;5412;6761685.37;GPRAM - Construção de novo grupamento | 449051
316;DIMAT;publicado com pendência;unidade_fornecimento_ausente;170394;176;9290;103800.0;"Serviço de treinamento Congresso Brasileiro de Pregoeiros e Agentes de Contratação. Público Alvo: Pregoeiros e equipes de Apoio; Agentes de contratação e membros da comissão de contratação; Presidentes e Membros de comissões de licitação | 339039"
321;GBS;publicado com pendência;unidade_fornecimento_ausente,mes_ausente;170394;177;4240;100000.0;BATERIA PARA HOLMATRO. Bateria de íon lítio com corrente mínima de 05 Ah, potência mínima de 126 wh e tensão mínima de 25 VDC. Sua vida útil deve ser superior a 500 ciclos de recarga de 0-100%, com leds indicando a sua carga | 449052
322;COMAV;publicado com pendência;unidade_fornecimento_ausente;170394;178;8599;570000.0;CONTRATAÇÃO SER. PILOTO AIR TRACTOR/PA-18/CARAVAN/B200 | 339039
323;GPCIV;publicado com pendência;unidade_fornecimento_ausente;170394;179;7195;3700.0;MESA DOBRÁVEL Mesas dobráveis tipo maleta medindo 1,82x1,82 - Feita de polietileno de alta densidade e revestida com uma camada resina, à prova d'água, leve, durável e de fácil limpeza, ideal para atividades em ambientes internos e externos | 449052
324;DIREN;publicado com pendência;unidade_fornecimento_ausente;170394;180;9290;21900.0;Agile Trends GOV 2027 | 339039
325;DITIC;publicado com pendência;unidade_fornecimento_ausente;170394;181;8422;100000.0;Solução para redundância de link de internet | 339039
326;DIMAT;publicado com pendência;unidade_fornecimento_ausente;170394;182;7320;145.0;Material e utensílio para copa e cozinha Garfo de mesa, material: aço inox | 449052
330;GBS;publicado com pendência;unidade_fornecimento_ausente,mes_ausente;170394;183;4220;35000.0;BOLSA PARA MERGULHO. Feita com malha durável e extremidades forradas. Com design que garante drenagem eficiente da água | 449052
331;COMAV;publicado com pendência;unidade_fornecimento_ausente;170394;184;4220;16200.0;MASCARA PARA MERGULHO | 449052
332;DIREN;publicado com pendência;unidade_fornecimento_ausente;170394;185;9290;11664.0;PÓS GRADUAÇÃO EM DEFESA CIVIL (EAD) | 339039
333;DIMAT;publicado com pendência;unidade_fornecimento_ausente;170394;186;7320;175.0;Material e utensílio para copa e cozinha Faca de mesa, material: aço inox | 449052
337;GBS;publicado com pendência;unidade_fornecimento_ausente,mes_ausente;170394;187;6910;500.0;FOCINHEIRA. Para cães, confeccionada em nylon | 339030
338;COMAV;publicado com pendência;unidade_fornecimento_ausente;170394;188;4240;120.0;MASCARA FACESHIELD | 449052
339;DIREN;publicado com pendência;unidade_fornecimento_ausente;170394;189;9290;41800.0;PALS - Pediatric Advanced Life Support | 339039
340;DIMAT;publicado com pendência;unidade_fornecimento_ausente;170394;190;7310;375.0;Material e utensílio para copa e cozinha Prato sobremesa, material: porcelana branca, diâmetro: 19 cm | 449052
344;GBS;publicado com pendência;unidade_fornecimento_ausente,mes_ausente;170394;191;6910;500.0;GUIA UNIFICADA ROLIÇA. Guia unificada roliça de pelo menos 8mm de espessura com guia e enforcador em uma única peça. Totalmente ajustável, resistência mínima de 400 kg de força de tração, comprimento total de pelo menos 1,5 m | 339030
345;COMAV;publicado com pendência;unidade_fornecimento_ausente;170394;192;4240;30000.0;MOCHILA CARGUEIRA DE 60 LITROS | 449052
346;DIREN;publicado com pendência;unidade_fornecimento_ausente;170394;193;9290;59000.0;Curso de capacitação | 339039
347;DIMAT;publicado com pendência;unidade_fornecimento_ausente;170394;194;7320;240.0;Material e utensílio para copa e cozinha Garfo sobremesa, material: aço inox | 449052
351;GBS;publicado com pendência;mes_ausente;170394;195;6530;336.0;MALETA PRIMEIROS SOCORROS | 449052
352;COMAV;publicado com pendência;unidade_fornecimento_ausente;170394;196;4240;27000.0;REDE PARA PERNOITE DO TIPO SELVA, COM MOSQUITEIRO E TELHADO | 449052
353;DIREN;publicado com pendência;unidade_fornecimento_ausente;170394;197;9290;59000.0;Instalação de sistemas de sprinklers - com carga horária de 16 horas/aulas | 339039
354;DIMAT;publicado com pendência;unidade_fornecimento_ausente;170394;198;7320;300.0;Material e utensílio para copa e cozinha Colher sobremesa, material: aço inoxidável | 449052
358;GBS;publicado com pendência;unidade_fornecimento_ausente,mes_ausente;170394;199;6505;155.0;CARVÃO ATIVADO | 339030
359;COMAV;publicado com pendência;unidade_fornecimento_ausente;170394;200;4240;9000.0;SINAL DE PERIGO DIURNO E NOTURNO IDN-204 | 449052
360;DIREN;publicado com pendência;unidade_fornecimento_ausente;170394;201;9290;59000.0;Curso de capacitação - NFPA 30 - Código de Líquidos inflamáveis e combustíveis - com carga horária de 16 horas/aulas | 339039
361;DIMAT;publicado com pendência;unidade_fornecimento_ausente;170394;202;7320;2700.0;Material e utensílio para copa e cozinha Prato, tipo: raso, material: porcelana, diâmetro: mínimo de 26 cm | 449052
365;GBS;publicado com pendência;unidade_fornecimento_ausente,mes_ausente;170394;203;4240;40200.0;BOLSA/SACOLA/MOCHILA PARA CORDAS (ENTRE 20 E 30 LITROS). Destinado ao acondicionamento e transporte de cordas e acessórios utilizados em operações de salvamento e trabalho em altura. Deve ser confeccionada em material resistente, com proteção U.V | 449052
366;COMAV;publicado com pendência;unidade_fornecimento_ausente;170394;204;4240;3000.0;SINAL FOGUETE MANUAL ESTRELA VERMELHA COM PARAQUEDAS | 449052
367;DIREN;publicado com pendência;unidade_fornecimento_ausente;170394;205;9290;15600.0;Curso Avançado de Gestão e Fiscalização de Contratos de Concursos | 339039
368;DIMAT;publicado com pendência;unidade_fornecimento_ausente;170394;206;7320;719.6;Material e utensílio para copa e cozinha Chaleira, capacidade: 02 litros, material: aço inox | 449052
372;GBS;publicado com pendência;unidade_fornecimento_ausente,mes_ausente;170394;207;4240;79062.0;"DISCO DE CORTE - utilizado para cortes em multimateriais: concreto, metal, PVC, tijolos e blocos. Diâmetro aproximado do disco: 125mm. Diâmetro aproximado do furo do fisco: 22,23mm (7/8""). Para corte à seco. Rotação mínima aceitável: 8.500rpm | 449052"
373;COMAV;publicado com pendência;unidade_fornecimento_ausente;170394;208;4240;3500.0;SINALIZADOR FUMÍGENO FLUTUANTE LARANJA | 449052
374;DIREN;publicado com pendência;unidade_fornecimento_ausente;170394;209;9290;24500.0;Congresso Panamericano de TRAUMA | 339039
375;DIMAT;publicado com pendência;unidade_fornecimento_ausente;170394;210;7320;1163.97;Material e utensílio para copa e cozinha Panela de pressão, material: alumínio, capacidade: 7 litros | 449052
379;GBS;publicado com pendência;unidade_fornecimento_ausente,mes_ausente;170394;211;4220;24000.0;SAPATILHA DE NEOPRENE. Utilizada para atividades aquáticas. Solado de borracha com alta aderência quando molhado. Possui secagem rápida | 449052
380;COMAV;publicado com pendência;unidade_fornecimento_ausente;170394;212;4220;3000.0;SNORKEL PARA MERGULHO | 449052
381;DIREN;publicado com pendência;unidade_fornecimento_ausente;170394;213;9290;51800.0;Contratação de empresa para execução de serviço comum (capacitação) em elaboração do processo licitatório ETP, TR E DFD com base na lei 14.133/21 | 339039
382;DIMAT;publicado com pendência;unidade_fornecimento_ausente;170394;214;7320;519.96;Material e utensílio para copa e cozinha Bandeja, material: aço inoxidável, diâmetro de 40cm, espessura mínima de 1,8mm. - Unidade unidade | 449052
386;GBS;publicado com pendência;unidade_fornecimento_ausente,mes_ausente;170394;215;4220;3200.0;PAR DE REMOS. Em alumínio e polipropileno para manobras de emergência | 449052
387;COMAV;publicado com pendência;unidade_fornecimento_ausente;170394;216;4240;15000.0;TALABARTE AJUSTAVEL | 449052
389;DIMAT;publicado com pendência;unidade_fornecimento_ausente;170394;217;7320;283.2;Material e utensílio para copa e cozinha PANO DE PRATO | 449052
393;GBS;publicado com pendência;unidade_fornecimento_ausente,mes_ausente;170394;218;6505;90.0;RIFOCINA. Antibiótico tópico para feridas/infecções de pele | 339030
394;COMAV;publicado com pendência;unidade_fornecimento_ausente;170394;219;4240;6150.0;Triângulo de Resgate | 449052
395;DIREN;publicado com pendência;unidade_fornecimento_ausente;170394;220;9290;22800.0;Curso de Manutenção de Drones | 339039
396;COMAP;publicado com pendência;unidade_fornecimento_ausente,classe_sugerida;170394;221;5412;6000000.0;GAVOP - Construção de novo grupamento | 449051
397;DIMAT;publicado com pendência;unidade_fornecimento_ausente;170394;222;9290;10000.0;Serviços de instrução e orientação profissional Curso de Execução Orçamentária da Folha de Pessoal no SIAFI com OBPix | 339039
402;GBS;publicado com pendência;unidade_fornecimento_ausente,mes_ausente;170394;223;4240;15700.0;CAPACETE DE SALVAMENTO. Equipamento de proteção individual destinado a operações de salvamento e resgate, proporcionando proteção, conforto e segurança ao usuário. Deve possibilitar a instalação de acessórios que ampliem sua | 449052
403;COMAV;publicado com pendência;unidade_fornecimento_ausente;170394;224;6779;46000.0;TAXAS PARA VOO DE REVALIDAÇOES E HABILITAÇOES ASA FIXA | 339039
404;GPCIV;publicado com pendência;unidade_fornecimento_ausente;170394;225;3920;2250.0;CARRINHO PLATAFORMA EM AÇO METALICO Capacidade de até 600kg | 449052
405;DIREN;publicado com pendência;unidade_fornecimento_ausente;170394;226;9290;1800.0;Govtech summit 2027 | 339039
406;DITIC;publicado com pendência;unidade_fornecimento_ausente,classe_sugerida;170394;227;7010;3000000.0;Aquisição de equipamentos e soluções de Inteligência Artificail | 449052
407;DIMAT;publicado com pendência;unidade_fornecimento_ausente;170394;228;7320;6899.9;"Material e utensílio para copa e cozinha CONJUNTO DE PANELAS, 6 Peças Antiaderente em Alumínio Teflon Antiaderente com Tampas em vidro temperado, composto por 1 panela nº 16; 01 panela nº 18; 01 caçarola nº 18; 01 Caçarola nº 20; uma caneca nº 14 | 449052"
411;GBS;publicado com pendência;unidade_fornecimento_ausente,mes_ausente;170394;229;6505;110.0;POMADA OFTÁLMICA VETERINÁRIA. Pomada oftálmica veterinária indicada para o tratamento de afecções oculares em cães, com ação antimicrobiana e anti-inflamatória, conforme prescrição veterinária. Produto similar ao Keravit | 339030
412;COMAV;publicado com pendência;unidade_fornecimento_ausente;170394;230;4240;40500.0;Gancho do Guincho com Trava | 449052
413;DIREN;publicado com pendência;unidade_fornecimento_ausente;170394;231;9290;39800.0;Advanced Cardiac Life Support (ACLS) | 339039
414;DIMAT;publicado com pendência;unidade_fornecimento_ausente;170394;232;7320;133.02;Material e utensílio para copa e cozinha TRAVESSA | 449052
418;GBS;publicado com pendência;unidade_fornecimento_ausente,mes_ausente;170394;233;4240;17925.0;BOLSA/SACOLA/MOCHILA PARA CORDAS (ENTRE 33 E 50 LITROS). Destinado ao acondicionamento e transporte de cordas e acessórios utilizados em operações de salvamento e trabalho em altura. Deve ser confeccionada em material resistente, com proteção U.V | 449052
419;COMAV;publicado com pendência;unidade_fornecimento_ausente;170394;234;4240;15.0;Sapatilhas Leve Estampada Galvanizada | 449052
420;DIREN;publicado com pendência;unidade_fornecimento_ausente;170394;235;9290;12200.0;Elaboração de Estudo Técnico Preliminar (ETP) e Termo de Referência (TR) | 339039
421;DIMAT;publicado com pendência;unidade_fornecimento_ausente;170394;236;7310;109.8;Material e utensílio para copa e cozinha ESCORREDOR de pratos | 449052
425;GBS;publicado com pendência;unidade_fornecimento_ausente,mes_ausente;170394;237;4240;11500.0;FERRAMENTA E CABO DE DIAGNÓSTICO DE BATERIAS HOLMATRO PENTHEON. Deve permitir a inspeção, análise técnica e verificação de múltiplas baterias Holmatro já adquiridas pela corporação | 449052
426;COMAV;publicado com pendência;unidade_fornecimento_ausente;170394;238;4240;14400.0;Maca de Resgate Flexível | 449052
427;DIREN;publicado com pendência;unidade_fornecimento_ausente;170394;239;9290;4909.0;Curso de Pesquisa de Preço e Planilha Orçamentária | 339039
428;DIMAT;publicado com pendência;unidade_fornecimento_ausente;170394;240;7320;881.64;Material e utensílio para copa e cozinha JOGO DE COPOS ALTOS | 449052
432;GBS;publicado com pendência;unidade_fornecimento_ausente,mes_ausente;170394;241;6505;2900.0;HIDRATANTE DERMATOLÓGICO PARA CÃES. Produto de uso veterinário da linha hidratante/dermatológica, indicado para auxiliar na hidratação da pele e na recuperação e manutenção da barreira cutânea de cães | 339030
433;COMAV;publicado com pendência;unidade_fornecimento_ausente;170394;242;6230;21000.0;LANTERNA TIPO MPLS CHARGE-LED PARA CAPACETE TATICO OPERAOD AEROTATICO | 339030
434;DIREN;publicado com pendência;unidade_fornecimento_ausente;170394;243;9290;20400.0;Curso Prático de Editais de Concursos e a Proteção aos Direitos dos PcDs | 339039
435;DIMAT;publicado com pendência;unidade_fornecimento_ausente;170394;244;7320;60.0;Material e utensílio para copa e cozinha SUPORTE PARA FILTRO DE CAFÉ. Caraterísticas Técnicas Mínimas: Em plástico de alta qualidade, nº 103, encaixe para uso firme e estável, utilizável em bules e garrafas térmicas, produto atóxico | 449052
439;GBS;publicado com pendência;unidade_fornecimento_ausente,mes_ausente;170394;245;6505;375.0;SUCRALFATO. Comprimido | 339030
441;DIREN;publicado com pendência;unidade_fornecimento_ausente;170394;247;9290;100000.0;Visita Técnica INTERNACIONAL | 339039
442;DIMAT;publicado com pendência;unidade_fornecimento_ausente;170394;248;7320;16320.0;Material e utensílio para copa e cozinha CAFETEIRA ELÉTRICA | 449052
446;GBS;publicado com pendência;unidade_fornecimento_ausente,mes_ausente;170394;249;6505;80.0;COLÍRIO LUBRIFICANTE. Colírio lubrificante indicado para hidratação e proteção da superfície ocular, auxiliando no alívio do ressecamento e desconforto ocular em cães, conforme orientação veterinária. Produto similar ao Hyabak | 339030
447;COMAV;publicado com pendência;unidade_fornecimento_ausente;170394;250;8729;45000000.0;CONTRATAÇÃO DE SISTEMA PARA GESTÃO DE FROTA AERONÁUTICA | 339039
448;DIREN;publicado com pendência;unidade_fornecimento_ausente;170394;251;9290;28000.0;Curso Prático ADVANCED CARDIOVASCULAR LIFE SUPPORT (ACLS) | 339039
449;DIMAT;publicado com pendência;unidade_fornecimento_ausente;170394;252;7320;597.6;Material e utensílio para copa e cozinha JARRA | 449052
453;GBS;publicado com pendência;unidade_fornecimento_ausente,mes_ausente;170394;253;6505;120.0;POMADA CICATRIZANTE E ANTIBIÓTICA. Pomada de uso veterinário indicada para o tratamento de feridas, lesões cutâneas e processos infecciosos superficiais, com ação cicatrizante e antibiótica, conforme orientação médico-veterinária | 339030
455;DIREN;publicado com pendência;unidade_fornecimento_ausente;170394;255;9290;32000.0;Pós-Graduação Lato Sensu em URGÊNCIA E EMERGÊNCIA | 339039
460;GBS;publicado com pendência;unidade_fornecimento_ausente,mes_ausente;170394;257;4240;1063.26;"DISCO DE CORTE (para esmerilhadeira) - para uso em multimateriais: concreto, metal, PVC, tijolos e blocos. Diâmetro aproximado do disco: 125 mm. Diâmetro aproximado do furo do disco: 22,23mm (7/8"") | 449052"
461;COMAV;publicado com pendência;unidade_fornecimento_ausente;170394;258;9290;1710000.0;FULL FLIGHT SIMULATOR - FSS PARA AERONAVES CARAVAN C208/AIRTRATOR AT802/KING AIR B200 | 339039
462;DIREN;publicado com pendência;unidade_fornecimento_ausente;170394;259;9290;1200000.0;Pós-Graduação Lato Sensu em URGÊNCIA E EMERGÊNCIA | 339039
467;GBS;publicado com pendência;unidade_fornecimento_ausente,mes_ausente;170394;261;4240;663.95;CONJUNTO DE SOQUETES DE IMPACTO. Para uso com chave de impacto tipo pistola, com encaixe compatível com a chave de impacto a bateria tipo pistola | 449052
469;DIREN;publicado com pendência;unidade_fornecimento_ausente;170394;263;9290;90000.0;Curso AMLS (ADVANCED MEDICAL LIFE SUPPORT) | 339039
470;DIMAT;publicado com pendência;unidade_fornecimento_ausente;170394;264;5975;381.3;Material para instalação elétrica e de iluminação Luminária Desobrepor | 339030
474;GBS;publicado com pendência;unidade_fornecimento_ausente,mes_ausente;170394;265;4220;572.4;CINTO DE MERGULHO PARA LASTRO COM FIVELA INOX. Deverá ser construído em nylon reforçado e ser dotado de fivela de aço inox com sistema de cravos para travamento firme da fita na fivela e possibilitar a abertura rápida em casos de emergência | 449052
475;DIREN;publicado com pendência;unidade_fornecimento_ausente;170394;266;9290;24000.0;Curso de ULTRASSONOGRAFIA POINT-OF-CARE (POCUS) para Atendimento PRÉ-HOSPITALAR (APH) | 339039
476;COMAP;publicado com pendência;unidade_fornecimento_ausente,classe_sugerida;170394;267;5412;10000000.0;Demais instalações do CTOP - Reforma | 449051
477;DIMAT;publicado com pendência;unidade_fornecimento_ausente;170394;268;3439;332.49;Máquinas, ferramentas e equipamentos diversos FURADEIRA: martelo perfurador rompedor sds-plus com maleta de transporte, potência de 800w até 820w, com 3 modos de operação, rotação simples, rotação com impacto e impacto simples | 339030
482;GBS;publicado com pendência;unidade_fornecimento_ausente,mes_ausente;170394;269;4240;258400.0;LANTERNA PARA CAPACETE DE SALVAMENTO. Acessório de iluminação destinado ao uso acoplado ao capacete de salvamento, devendo ser compatível com seu sistema de fixação. Deve proporcionar iluminação adequada para operações de resgate | 449052
483;COMAV;publicado com pendência;unidade_fornecimento_ausente;170394;270;6779;34500.0;TAXAS ANAC | 339039
484;GPCIV;publicado com pendência;unidade_fornecimento_ausente;170394;271;6940;1500.0;APITO produzido em plástico ABS (livre de bisfenol A) na cor preta com bolinha de material levíssimo. Não encharca em contato com água. Emite som agudo até 110 db. Acompanha cordão confeccionado em nylon preto medindo 45 cm de comprimento | 339030
485;DIREN;publicado com pendência;unidade_fornecimento_ausente;170394;272;9290;2400.0;Gov Summit 2027 | 339039
486;DITIC;publicado com pendência;unidade_fornecimento_ausente;170394;273;1111;1500000.0;Aquisições de soluções ou implementações de Inteligência Artificial, para automatizar tarefas, melhorar a análise de dados, prover maior eficiência, transparência e agilidade nas atividades administrativas e operacionais | 339039
487;DIMAT;publicado com pendência;unidade_fornecimento_ausente;170394;274;5975;257.5;Material para instalação elétrica e de iluminação LÂMPADA LED Tubular T8 10W, G13, Bivolt, 4000K, 900 Lumens, IRC>80, FP:92, 60 CMS | 339030
491;GBS;publicado com pendência;unidade_fornecimento_ausente,mes_ausente;170394;275;4220;7944.8;Lastro para Cinto de Mergulho, construída em chumbo revestido com plástico injetado possuindo acabamento uniforme por toda peça | 449052
492;DIREN;publicado com pendência;unidade_fornecimento_ausente;170394;276;9290;149700.0;Contratação de empresa para execução de serviço comum (capacitação) sobre Licitações e Contratos | 339039
493;DIMAT;publicado com pendência;unidade_fornecimento_ausente;170394;277;5975;841.92;Material para instalação elétrica e de iluminação Tomada Régua Barra com 4 tomadas 2P+T 10A para extensão | 339030
497;GBS;publicado com pendência;unidade_fornecimento_ausente,mes_ausente;170394;278;4240;6000.0;COLETE PEITORAL MILITAR PARA ADESTRAMENTO DE CÃES. Colete confeccionado em nylon impermeável, na cor preta, destinado ao apoio às atividades de treinamento e manejo de cães | 449052
499;DIMAT;publicado com pendência;unidade_fornecimento_ausente;170394;279;5975;40.0;Material para eletrônica CHAVE DE TESTE, multiteste digital - não necessita de pilhas ou baterias para funcionar - medição de voltagem: - permite uniformidade de 12v, 36v, 55v | 339030
503;GBS;publicado com pendência;unidade_fornecimento_ausente,mes_ausente;170394;280;6505;85.0;OMEPRAZOL. Cápsula | 339030
504;DIREN;publicado com pendência;unidade_fornecimento_ausente;170394;281;9290;24000.0;Fire Behavior Training | 339039
505;DIMAT;publicado com pendência;unidade_fornecimento_ausente;170394;282;5975;120.0;Material para instalação elétrica e de iluminação INTERRUPTOR, simples, placa horizontal, 10a - 250v, 1 tecla | 339030
509;GBS;publicado com pendência;unidade_fornecimento_ausente,mes_ausente;170394;283;6505;80.0;DIPIRONA. Comprimido | 339030
510;DIREN;publicado com pendência;unidade_fornecimento_ausente;170394;284;9290;34900.0;ATLS - Advanced Trauma Life Support | 339039
511;DIMAT;publicado com pendência;unidade_fornecimento_ausente;170394;285;5975;200.0;Material para instalação elétrica e de iluminação Detector de tensão 90v a 1000v Ac cat li 1000v | 339030
515;GBS;publicado com pendência;unidade_fornecimento_ausente,mes_ausente;170394;286;6505;50.0;POMADA CICATRIZANTE. Pomada veterinária indicada para cicatrização e regeneração de tecidos, auxiliando na recuperação de feridas, lesões cutâneas e processos de reparação da pele, conforme orientação médico-veterinária. Produto similar ao Crema 6A | 339030
516;DIREN;publicado com pendência;unidade_fornecimento_ausente;170394;287;9290;17400.0;Gestão e Fiscalização de Contratos de Concursos | 339039
517;DIMAT;publicado com pendência;unidade_fornecimento_ausente;170394;288;5975;37.5;Material para instalação elétrica e de iluminação CONECTOR ELÉTRICO | 339030
521;GBS;publicado com pendência;unidade_fornecimento_ausente,mes_ausente;170394;289;6910;17984.5;CIRCUITO DE TREINAMENTO PARA O CANIL. Composto por: mesas, escadas, balanças, túneis, gangorras e pranchas para circuito de agilidade para cães de busca e resgate | 339030
522;DIREN;publicado com pendência;unidade_fornecimento_ausente;170394;290;9290;94940.0;ontratação de serviço comum para capacitação em confecção de estudo técnico preliminar, termo de referência e projeto básico utilizando inteligência artificial | 339039
523;DIMAT;publicado com pendência;unidade_fornecimento_ausente;170394;291;5975;1520.0;Material para instalação elétrica e de iluminação FIO 4MM FLEXÍVEL | 339030
527;GBS;publicado com pendência;unidade_fornecimento_ausente,mes_ausente;170394;292;4220;15000.0;APITO PARA GUARDA-VIDAS. Dispositivo sonoro utilizado para emitir sinais audíveis de alerta, orientação e emergência em ambientes aquáticos ou de grande circulação de pessoas | 449052
529;DIMAT;publicado com pendência;unidade_fornecimento_ausente;170394;293;5975;75.0;Material para instalação elétrica e de iluminação Disjuntor elétrico monofásico 25a, padrão din | 339030
533;GBS;publicado com pendência;unidade_fornecimento_ausente,mes_ausente;170394;294;6530;8000.0;MESA PARA PROCEDIMENTOS VETERINÁRIOS. Mesa destinada à realização de procedimentos veterinários, com estrutura resistente, superfície adequada à higienização e estabilidade compatível com o uso profissional em atendimento e manejo de animais | 449052
534;DIREN;publicado com pendência;unidade_fornecimento_ausente;170394;295;9290;18000.0;Ações Afirmativas e o Direito Administrativo Moderno | 339039
539;GBS;publicado com pendência;unidade_fornecimento_ausente,mes_ausente;170394;297;4240;330000.0;BARRACA INFLÁVEL CLIMATIZADA. Estrutura de montagem rápida com sistema de ar condicionado | 449052
540;DIREN;publicado com pendência;unidade_fornecimento_ausente;170394;298;9290;173880.0;Contratação de empresa para execução de serviço comum de curso de Contratação Direta - Visão do TCU (Dispensa, inexigibilidade e instrução processual) | 339039
541;DIMAT;publicado com pendência;unidade_fornecimento_ausente;170394;299;4240;174.5;Materiais e acessórios de proteção de bens públicos Cadeado, material corpo: latão maciço, haste em aço | 449052
545;GBS;publicado com pendência;unidade_fornecimento_ausente,mes_ausente;170394;300;6505;155.0;LUFTAL. Gotas | 339030
547;COMAP;publicado com pendência;unidade_fornecimento_ausente;170394;301;8729;127560.0;Contrato de Manutenção de Elevadores 2026 - 2029 (renovável em 2029) | 339039
548;DIMAT;publicado com pendência;unidade_fornecimento_ausente;170394;302;2320;120960.0;"Veículos motociclos Motocicletas - CARACTERIZADO - VMISEA: Motocicletas comerciaismente como ""Trail"", com motorização a combustão interna com 250cc a 599cc, sendo admitidos sistemas de combustível a gasolina ou flex, potência não inferior a 20cv | 449052"
552;GBS;publicado com pendência;unidade_fornecimento_ausente,mes_ausente;170394;303;4220;23598.09;COMPRESSOR DE AR PARA CILINDRO DE MERGULHO para mergulho de no mínimo 100 lpm. Compressor de ar respirável à alta pressão, tanto para cilindros de mergulho quanto para proteção respiratória em brigadas de incêndios | 449052
553;COMAV;publicado com pendência;unidade_fornecimento_ausente;170394;304;6530;60000.0;Gasometro point of care | 449052
554;GPCIV;publicado com pendência;unidade_fornecimento_ausente;170394;305;7195;20000.0;Simulado de mesa: Outros, Conjunto composto por duas maquetes destinadas a simulados de mesa, planejamento e treinamento operacional, fabricadas em material rígido e durável (MDF, acrílico, PVC, plástico ABS, resina técnica ou equivalente) | 449052
556;DITIC;publicado com pendência;unidade_fornecimento_ausente;170394;306;9290;164914.5;Consultoria e/ou treinamento em tecnologia da informação e comunicação | 339039
561;GBS;publicado com pendência;unidade_fornecimento_ausente,mes_ausente;170394;308;4240;135000.0;TENDA INFLÁVEL. Unidade de montagem rápida para triagem e área vermelha | 449052
563;DIMAT;publicado com pendência;unidade_fornecimento_ausente;170394;309;5975;131.2;Material para instalação elétrica e de iluminação Interruptor de embutir, material: pvc, placa: 4x2, magnéticos: 01 interruptor e 01 tomada 2p+t | 339030
567;GBS;publicado com pendência;unidade_fornecimento_ausente,mes_ausente;170394;310;4240;12800.0;SERRA CIRCULAR DE MESA. Para cortes precisos em madeira usada em escoramentos | 449052
569;DIMAT;publicado com pendência;unidade_fornecimento_ausente;170394;311;7210;1990.8;Equipamentos e acessórios para imagens Câmera Veicular Automotiva 4k: A câmera possui uma tela LCD de 1,5 polegadas e utiliza um sensor CMOS frontal e interno full HD. Ela possui pixels efetivos de 2560 (H) x 1440 (V), com 2560 linhas horizontais | 449052
573;GBS;publicado com pendência;unidade_fornecimento_ausente,mes_ausente;170394;312;4220;75000.0;CAMISA SEGUNDA PELE PARA GUARDA-VIDAS. Com proteção UV | 449052
575;DIMAT;publicado com pendência;unidade_fornecimento_ausente;170394;313;5130;1000.0;Máquinas, Ferramentas e mobília de oficinas mecânicas PISTOLA DE PINTURA | 339030
579;GBS;publicado com pendência;unidade_fornecimento_ausente,mes_ausente;170394;314;4240;5000.0;COLETE DE CÃES PARA EVENTOS. Colete destinado à identificação e condução de cães em eventos, confeccionado em material resistente, com costuras reforçadas e alças ajustáveis para melhor adaptação ao animal | 449052
581;DIMAT;publicado com pendência;unidade_fornecimento_ausente;170394;315;3220;80.0;Ferramentas em geral Pincel, material cerdas: material sintético, cabo plástico, tamanho: 2 polegadas | 449052
599;DIMAT;publicado com pendência;unidade_fornecimento_ausente;170394;318;6520;9059.4;Equipamentos em geral para uso em clínicas, médico-odontológicas e laboratoriais CONTAINER PLÁSTICO 1.000L, COR: CINZA | 449052
603;GBS;publicado com pendência;unidade_fornecimento_ausente,mes_ausente;170394;319;4240;95000.0;CAMA DE CAMPANHA DOBRÁVEL. Cama de campanha com estrutura metálica reforçada com lona de alta resistência. Para alojamento das equipes | 449052
605;DIMAT;publicado com pendência;unidade_fornecimento_ausente;170394;320;5975;171.0;Material para instalação elétrica e de iluminação Cabo elétrico cobre, material condutor: cobre, tipo: flexível, revestimento: capa plástica anti-chama, seção condutor nominal: 2,5 mm², cor: à escolher | 339030
609;GBS;publicado com pendência;unidade_fornecimento_ausente,mes_ausente;170394;321;4240;80000.0;BARRACA INDIVIDUAL. Leve e de montagem rápida para pernoite individual em campo | 449052
611;DIMAT;publicado com pendência;unidade_fornecimento_ausente;170394;322;7210;14379.0;"Equipamentos e acessórios para imagens TELEVISÃO com as seguintes configurações mínimas: LED, tamanho de 75"", resolução 4k ou superior, frequência de 60 Hz, entradas HDMI, USB e LAN | 449052"
615;GBS;publicado com pendência;unidade_fornecimento_ausente,mes_ausente;170394;323;6910;650.0;"GUIA EM CORDA ELÁSTICA. Guia confeccionada em corda elástica trançada na cor preta; mosquetão de soltura rápida em latão maciço; elasticidade até 5m esticada e 3m sem esticamento | 339030"
617;COMAP;publicado com pendência;unidade_fornecimento_ausente;170394;324;8729;46620.0;Contrato de manutenção de aparelhos de ar condicionado - ARP | 339039
618;DIMAT;publicado com pendência;unidade_fornecimento_ausente;170394;325;6730;15622.74;Equipamentos e acessórios para imagens PROJETOR - Tecnologia 3 LCD / Resolução XGA / Conectividade HDMI / compatível com PC / bivolt / Wi Fi | 449052
622;GBS;publicado com pendência;unidade_fornecimento_ausente,mes_ausente;170394;326;4220;149416.8;Conjunto de Reguladores (composto por 1° e 2° estágios), deve ser do tipo pistão e com encaixe do tipo YOKE com design compacto | 449052
623;COMAV;publicado com pendência;unidade_fornecimento_ausente;170394;327;9140;2400000.0;FORNECIMENTO QAV E LUBRIFICANTES 1º E 2º ESAV | 339030
624;GPCIV;publicado com pendência;unidade_fornecimento_ausente;170394;328;8415;12000.0;"Coletes: Uniformes civis, militares e seus complementos, Coletes operacionais ou de serviço no CBMDF utilizam o Azul Petróleo (ou Vermelho/Laranja em situações específicas de socorro) e levam o Brasão da Corporação e a inscrição ""BOMBEIROS"" | 339030"
626;DITIC;publicado com pendência;unidade_fornecimento_ausente;170394;329;1313;200000.0;Aquisição de Solução Integrada para gerenciamento de banco de dados | 339039
627;DIMAT;publicado com pendência;unidade_fornecimento_ausente;170394;330;7210;10596.0;Equipamentos e acessórios para imagens Câmera IP fixa com LPR (License Plate Recognition / Reconhecimento Automático de Placas Veiculares). Mais | 449052
631;GBS;publicado com pendência;unidade_fornecimento_ausente,mes_ausente;170394;331;6910;300.0;"GUIA PARA FARO. Guia para faro confeccionada em fita de nylon; mosquetão tipo argentino em latão maciço | 339030"
633;DIMAT;publicado com pendência;unidade_fornecimento_ausente;170394;332;4120;23250.0;Aparelhos e central de ar condicionado AR CONDICIONADO | 449052
637;GBS;publicado com pendência;unidade_fornecimento_ausente,mes_ausente;170394;333;6910;17850.0;ESTEIRA PARA CÃES. Equipamento destinado ao condicionamento físico, treinamento e reabilitação de cães, permitindo a prática controlada de exercícios de corrida e caminhada. Pode ser do tipo Treadmill ou Slatmill | 339030
639;DIMAT;publicado com pendência;unidade_fornecimento_ausente;170394;334;4120;29000.0;Aparelhos e central de ar condicionado AR CONDICIONADO | 449052
643;GBS;publicado com pendência;unidade_fornecimento_ausente,mes_ausente;170394;335;4240;15000.0;RACK METÁLICO DE TRANSPORTE MODULAR. Gaiola metálica com base para movimentação com empilhadeira, com dimensões de aproximadamente 120cm x 120cm x 100cm, para proteção e organização de logística | 449052
649;GBS;publicado com pendência;unidade_fornecimento_ausente,mes_ausente;170394;337;4240;24000.0;"CAIXA DE TRANSPORTE MODULAR. Tipo ""case"" rígido, com dimensões de aproximadamente 140cm x 140cm x 50cm, estanque para proteção e organização de ferramentas e equipamentos | 449052"
651;DIMAT;publicado com pendência;unidade_fornecimento_ausente;170394;338;7110;462000.0;Ferragens e artefatos de metal, de plástico abrasivo ARMÁRIO BAIXO | 449052
655;GBS;publicado com pendência;unidade_fornecimento_ausente,mes_ausente;170394;339;4240;36000.0;"CAIXA DE TRANSPORTE MODULAR. Tipo ""case"" rígido, com dimensões de aproximadamente 220cm x 100cm x 90cm, estanque para proteção e organização de ferramentas e equipamentos | 449052"
657;DIMAT;publicado com pendência;unidade_fornecimento_ausente;170394;340;7210;590.0;Peças e acessórios para aparelhos do tipo doméstico Vela para filtro | 449052
661;GBS;publicado com pendência;unidade_fornecimento_ausente,mes_ausente;170394;341;4240;9000.0;"CAIXA DE TRANSPORTE MODULAR. Tipo ""case"" rígido, com dimensões de aproximadamente 60cm x 50cm x 40cm, estanque para proteção e organização de ferramentas e equipamentos | 449052"
663;DIMAT;publicado com pendência;unidade_fornecimento_ausente;170394;342;8510;213.2;Materiais e acessórios de proteção individual AVENTAL DE PROTEÇÃO em PVC Modelo: forrado em poliéster, tipo: impermeável, cor: branca, comprimento:120 cm x largura:70 cm | 339030
667;GBS;publicado com pendência;unidade_fornecimento_ausente,mes_ausente;170394;343;4240;12000.0;"CAIXA DE TRANSPORTE MODULAR. Tipo ""case"" rígido, com dimensões de aproximadamente 120cm x 70cm x 60cm, estanque para proteção e organização de ferramentas e equipamentos | 449052"
668;DIREN;publicado com pendência;unidade_fornecimento_ausente;170394;344;9290;9000.0;Estatuto da PcD e a Fiscalização de Atos de Pessoal - Escola de Contas do Tribunal de Contas de Santa Catarina | 339039
669;DIMAT;publicado com pendência;unidade_fornecimento_ausente;170394;345;7210;24175.0;Equipamentos e acessórios para imagens TELEVISÃO, medindo no mínimo 55 POLEGADAS | 449052
673;GBS;publicado com pendência;unidade_fornecimento_ausente,mes_ausente;170394;346;4240;9000.0;"CAIXA DE TRANSPORTE MODULAR. Tipo caixa pallet ""case"" rígido, com dimensões de aproximadamente 100cm x 120cm x 90cm, estanque para proteção e organização de ferramentas e equipamentos | 449052"
674;DIREN;publicado com pendência;unidade_fornecimento_ausente;170394;347;9290;151600.0;Contratação de empresa para execução de serviço comum de capacitação em licitações internacionais com base na lei 14.133/21 | 339039
675;DIMAT;publicado com pendência;unidade_fornecimento_ausente;170394;348;4120;27088.71;Aparelhos e central de ar condicionado AR-CONDICIONADO | 449052
679;GBS;publicado com pendência;unidade_fornecimento_ausente,mes_ausente;170394;349;4240;50000.0;COLCHONETE ISOLANTE TÉRMICO CAMPING. Resistente, isolante térmico, pequeno volume quando acondicionado, inflável ou autoinflável | 449052
681;DIMAT;publicado com pendência;unidade_fornecimento_ausente;170394;350;4120;131912.0;Aparelhos e central de ar condicionado AR CONDICIONADO | 449052
685;GBS;publicado com pendência;unidade_fornecimento_ausente,mes_ausente;170394;351;8110;5500.0;BOMBONA DE ÁGUA. Capacidade de 240L. Reservatório para higienização e suporte na base de operações | 339030
686;COMAP;publicado com pendência;unidade_fornecimento_ausente;170394;352;8715;500000.0;Contrato de Manutenção de Centrais de Ar Gelado | 339039
687;DIMAT;publicado com pendência;unidade_fornecimento_ausente;170394;353;2320;120000.0;"Veículos diversos Veículo tipo hatch, 4 portas, cor branca com adesivos e grafismo padrão SSPDF; tipo de combustível: flex, Air bag duplo mínimo, transmissão manual ou superior, Direção elétrica/hidráulica ou ambas, vidros e travas elétricas | 449052"
691;GBS;publicado com pendência;unidade_fornecimento_ausente,mes_ausente;170394;354;9321;282993.0;CONTRATAÇÃO DE SERVIÇO TERCEIRIZADO DE TRATADOR DE CÃES, LIMPEZA E CONSERVAÇÃO DE CANIL. Contratação de empresa para execução de serviços de manejo, tratamento, higienização e conservação do canil, incluindo cuidados diários com os cães | 339039
692;COMAV;publicado com pendência;unidade_fornecimento_ausente;170394;355;8729;2500000.0;PRESTAÇÃO DE SERVIÇOS de 1° e 2° NIVEIS DE MANUTENÇÃO | 339039
693;GPCIV;publicado com pendência;unidade_fornecimento_ausente;170394;356;9905;500.0;Painel estrutura em metalon 20x20x18, pintada na cor zarcão para instalação de banner com impressão digital fosca, na | 339030
694;DIREN;publicado com pendência;unidade_fornecimento_ausente;170394;357;9290;6000.0;Diagramação da Revista Institucional Promptus | 339039
695;DITIC;publicado com pendência;unidade_fornecimento_ausente;170394;358;8422;280000.0;Adesão de link exclusivo para ensino e pesquisa, ciência e tecnologia | 339039
700;GBS;publicado com pendência;unidade_fornecimento_ausente,mes_ausente;170394;360;6505;6000.0;SHAMPOO CONDICIONADOR PARA CÃES. Produto de uso veterinário destinado à higiene e condicionamento da pelagem de cães, com formulação sem sal e adequado para uso frequente | 339030
701;DIMAT;publicado com pendência;unidade_fornecimento_ausente;170394;361;5680;580.0;Ferramentas em geral MANGUEIRA | 339030
705;GBS;publicado com pendência;unidade_fornecimento_ausente,mes_ausente;170394;362;6530;1050.0;COMEDOURO PARA CÃES. Tipo pesado, alumínio pólido, 3 L | 449052
706;DIMAT;publicado com pendência;unidade_fornecimento_ausente;170394;363;5680;723.6;Ferramentas em geral SERROTE | 339030
710;GBS;publicado com pendência;unidade_fornecimento_ausente,mes_ausente;170394;364;8110;900.0;BOMBONA TR 50 LITROS. Bombona TR 50 Litros nova com tampa removível. Ideal para armazenamento de grãos e ração. Fabricada com matéria reciclável em polietileno | 339030
711;DIMAT;publicado com pendência;unidade_fornecimento_ausente;170394;365;4130;268506.3;Aparelhos eletrodomésticos em geral e mobília REFRIGERADOR | 449052
715;GBS;publicado com pendência;unidade_fornecimento_ausente,mes_ausente;170394;366;6530;80.0;LANTERNA CLÍNICA. Lanterna clínica para uso em procedimentos de diagnóstico, confeccionada em plástico, com acionamento por botão liga/desliga e lâmpada própria para avaliação clínica. Deve possuir iluminação mínima de 2,2 V | 449052
716;DIMAT;publicado com pendência;unidade_fornecimento_ausente;170394;367;4110;4231.68;Aparelhos eletrodomésticos em geral e boneca CLIMATIZADOR DE AR ​​Frio c/Ionizador 220V, 9,00 kg, Comprimento: 37,0 cm, Largura: 32,0 cm, Altura: 74,0 cm, Resfriamento, Ventilação | 449052
720;DIMAT;publicado com pendência;unidade_fornecimento_ausente;170394;368;7310;3498.6;Aparelhos eletrodomésticos em geral e roupa FRITADEIRA ELÉTRICA SEM ÓLEO (AIRFRYER) | 449052
724;DIMAT;publicado com pendência;unidade_fornecimento_ausente;170394;369;4110;8000.0;Aparelhos eletrodomésticos em geral e mobília REFRIGERADOR | 449052
728;DIMAT;publicado com pendência;unidade_fornecimento_ausente;170394;370;8415;17280.5;Vestuário e complementos masculinos e feminino COLDRE para Pistola, em polímero, possui trava superior, Universal para pistolas e mas | 339030
732;DIMAT;publicado com pendência;unidade_fornecimento_ausente;170394;371;5340;547.65;Ferragens e artefatos de metal, de plástico abrasivo Fechadura, material: metal | 339030
736;DIMAT;publicado com pendência;unidade_fornecimento_ausente;170394;372;5340;1610.1;Materiais para instalação hidráulica Chuveiro elétrico,, material: pvc, tipo: ducha, tensão: 220 volts, potência: 5500 watts | 339030
740;COMAP;publicado com pendência;unidade_fornecimento_ausente;170394;373;3960;172340.0;Plataformas elevatórias | 449052
741;DIMAT;publicado com pendência;unidade_fornecimento_ausente;170394;374;3432;20181.1;Máquinas, máquinas e equipamentos diversos POLIDOR DE SAPATOS ELÉTRICO, máquina elétrica de polir e lustrar sapatos | 449052
746;COMAV;publicado com pendência;unidade_fornecimento_ausente;170394;375;8729;3255000.0;PRESTAÇÃO DE SERVIÇOS POR HOMEM HORA DE 3º E 4º NÍVEIS DE MANUTENÇÃO (SAFRAN) | 339039
747;GPCIV;publicado com pendência;unidade_fornecimento_ausente;170394;376;7195;2500.0;Quadro branco, material: chapa de fibra de madeira, moldura: alumínio | 449052
748;DIREN;publicado com pendência;unidade_fornecimento_ausente;170394;377;9290;2379.0;Doctorat en Sécurité Civile, Gestion des Risques et Résilience Territoriale | 339039
749;DITIC;publicado com pendência;unidade_fornecimento_ausente;170394;378;1674;300000.0;Aquisição de solução de certificação digital (e-CPF, e-CNPJ e SSL para servidores) | 339039
750;COMAP;publicado com pendência;unidade_fornecimento_ausente;170394;379;8729;5679978.0;Contrato de Manutenção Predial 2027 - 2029 | 339039
751;DIMAT;publicado com pendência;unidade_fornecimento_ausente;170394;380;9130;11392905.17;Prestação de serviços de Fornecimento de Combustíveis líquidos, Diesel 500 e S10, Gasolina Comum e Arla32 | 339030
755;CEABM;publicado com pendência;unidade_fornecimento_ausente;170394;381;7010;105000.0;Desktop completos | 449052
757;GBS;publicado com pendência;unidade_fornecimento_ausente,mes_ausente;170394;382;4240;274750.0;CAPACETE DE SALVAMENTO. Equipamento de proteção individual destinado a operações de salvamento e resgate, proporcionando proteção, conforto e segurança ao usuário. Deve possibilitar a instalação de acessórios que ampliem sua | 449052
759;GPCIV;publicado com pendência;unidade_fornecimento_ausente;170394;384;9999;140000.0;Kit portátil de Sistema de Comando de Incidentes (SCI), tipo maleta, destinado ao gerenciamento operacional de ocorrências. Ao ser aberto, deverá disponibilizar, em um único painel integrado | 339030
760;DIREN;publicado com pendência;unidade_fornecimento_ausente;170394;385;9290;26157.96;Curso de Identificação Biométrica (a ser realizado na Escola de Instrução Especializada (EsIE), na cidade do Rio de Janeiro/RJ) | 339039
761;DITIC;publicado com pendência;unidade_fornecimento_ausente,classe_sugerida;170394;386;7010;2475000.0;Solução de segurança p/ estações de trabalho | 449052
774;DIMAT;publicado com pendência;unidade_fornecimento_ausente;170394;390;4940;100.0;Material para pintura, impermeabilização e colagem MANTA ASFÁLTICA | 449052
778;DIMAT;publicado com pendência;unidade_fornecimento_ausente;170394;391;4940;100.0;Ferragens e artefatos de metal, de plástico abrasivo ELETRODUTO EM PVC, preta, bitola de 3/4 de polegada, barra com 3 metros | 449052
782;DIMAT;publicado com pendência;unidade_fornecimento_ausente;170394;392;4940;1400.0;Material para pintura, impermeabilização e colagem MASSA CORRIDA | 449052
786;DIMAT;publicado com pendência;unidade_fornecimento_ausente;170394;393;4940;1006.8;Espelhos e materiais para vidraçaria ESPELHO para banheiro 2200mm x 900mm x 4mm | 449052
794;DIMAT;publicado com pendência;unidade_fornecimento_ausente;170394;395;4940;110000.1;Ferragens e artefatos de metal, de plástico abrasivo CREDENZA TRIPLA | 449052
798;DIMAT;publicado com pendência;unidade_fornecimento_ausente;170394;396;7105;2151000.0;Ferragens e artefatos de metal, de plástico abrasivo ARMÁRIO ALTO II | 449052
802;COMAP;publicado com pendência;unidade_fornecimento_ausente;170394;397;8729;350000.0;Contrato de manutenção de aparelhos de ar condicionado - Licitação a ser concluida para 2027 | 339039
803;DIMAT;publicado com pendência;unidade_fornecimento_ausente;170394;398;4110;4750.0;Aparelhos e central de ar condicionado AR CONDICIONADO | 449052
807;GBS;publicado com pendência;unidade_fornecimento_ausente,mes_ausente;170394;399;4240;59120.0;POLIA DUPLA COM ANTI-RETORNO E CAPTURA DE PROGRESSO. Polia destinada a sistemas de tração e salvamento, projetada para permitir captura e bloqueio automático de progresso durante a operação | 449052
809;DIREN;publicado com pendência;unidade_fornecimento_ausente;170394;401;9290;25000.0;QUALIFICAÇÃO AVIÔNICOS, CELULA E MOTOR DO H125 B3 | 339039
810;DITIC;publicado com pendência;unidade_fornecimento_ausente;170394;402;1741;1100000.0;Plataforma low-code/no-code Singular Studio | 339039
811;DIMAT;publicado com pendência;unidade_fornecimento_ausente;170394;403;4110;1500.0;Bebedouro elétrico e ventilador de coluna, mesa ou parede BEBEDOURO | 449052
815;DIMAT;publicado com pendência;unidade_fornecimento_ausente;170394;404;3455;800.0;Ferramentas, Máquinas e ferramentas de marcenaria, Carpintaria e serralheria MICRO RETÍFICA MANUAL, bivolt (127/220V) e 60Hz, garantia de 2 anos ou mais, velocidade variável, rotação mínima de 5000 a 35.000 rpm | 449052
819;DIMAT;publicado com pendência;unidade_fornecimento_ausente;170394;405;5680;5130.0;"Ferramentas em geral Serra circular 185 (7.1/4"") x 24 dentes para madeira | 339030"
823;DIMAT;publicado com pendência;unidade_fornecimento_ausente;170394;406;5680;200.0;Ferramentas em geral JOGO DE CHAVES TIPO ALLEN DE 0,05, 1/16 - 5/64, 3/32, 7/64, 1/8, 9/64, 5/32, 3/16, 7/32, 1/4, 5/16 E 3/8 | 339030
831;DIMAT;publicado com pendência;unidade_fornecimento_ausente;170394;408;5680;8.02;Ferramentas em geral COLHER DE PEDREIRO | 339030
835;DIMAT;publicado com pendência;unidade_fornecimento_ausente;170394;409;5680;75.0;Ferramentas em geral LIMA Chata 300mm com cabo de madeira | 339030
839;DIMAT;publicado com pendência;unidade_fornecimento_ausente;170394;410;5905;4275.0;Aparelhos eletrodomésticos em geral e utilidade ESCADA | 339030
843;DIMAT;publicado com pendência;unidade_fornecimento_ausente;170394;411;4610;5350.0;"Aparelhos eletrodomésticos em geral e louça PURIFICADOR DE ÁGUA/BEBEDOURO: Fixação em parede, com espaço para jarra, com fornecimento de água natural, fria e gelada; Vida útil do elemento filtrante: 4.500L ou mínimo de 6 meses e máximo de 12 meses | 449052"
847;DIMAT;publicado com pendência;unidade_fornecimento_ausente;170394;412;4140;7517.74;Aparelhos eletrodomésticos em geral e mobília VENTILADOR de Mesa e Parede, Preto, 40cm, com no mínimo 126w de potência | 449052
851;COMAP;publicado com pendência;unidade_fornecimento_ausente,classe_sugerida;170394;413;5412;3850000.0;Cobertura para viaturas (módulo) | 449051
852;DIMAT;publicado com pendência;unidade_fornecimento_ausente;170394;414;7110;536796.0;Móveis em geral SOFÁ RETO DE 1 LUGAR | 449052
856;GBS;publicado com pendência;unidade_fornecimento_ausente,mes_ausente;170394;415;4240;60000.0;BOMBA A BATERIA PARA DESENCARCERADORES. Bomba hidráulica portátil, alimentada por bateria recarregável, destinada ao acionamento de ferramentas hidráulicas de desencarceramento, permitindo a conexão e operação alternada de, no mínimo | 449052
858;DIREN;publicado com pendência;unidade_fornecimento_ausente;170394;417;9290;20000.0;piloto comercial de helicóptero | 339039
859;DITIC;publicado com pendência;unidade_fornecimento_ausente;170394;418;1313;2800000.0;Aquisição de suíte de escritório, colaboração e produtividade com sincronização e/ou com armazenamento de arquivos em nuvem | 339039
860;DIMAT;publicado com pendência;unidade_fornecimento_ausente;170394;419;7320;43200.3;Aparelhos eletrodomésticos em geral e boneca MÁQUINA DE LAVAR ROUPAS | 449052
864;DIMAT;publicado com pendência;unidade_fornecimento_ausente;170394;420;8530;356.6;Materiais e acessórios de proteção individual Máscara respiratória pff2 com válvula. MODELO C.A: 38503 | 339030
872;DIMAT;publicado com pendência;unidade_fornecimento_ausente;170394;422;5680;37.7;Ferramentas em geral DESEMPENADEIRA | 339030
876;DIMAT;publicado com pendência;unidade_fornecimento_ausente;170394;423;5680;228.4;Ferramentas em geral PÉ DE CABRA | 339030
884;DIMAT;publicado com pendência;unidade_fornecimento_ausente;170394;425;5680;127.8;"Ferramentas em geral PINCEL TRINCHA PELO DE CAMELO - cerdas sintéticas e macias, no formato Flat (chato). Kit 3 pinceis - Pincel chato 1"" 2,5cm - Pincel chato 2"" 5,06cm - Pincel chato 3"" 7,6cm | 339030"
888;DIMAT;publicado com pendência;unidade_fornecimento_ausente;170394;426;5680;27.41;Ferramentas em geral ALICATE para retirar filtro de combustível | 339030
892;DIMAT;publicado com pendência;unidade_fornecimento_ausente;170394;427;5680;175.0;Ferramentas em geral ALICATE DE PRESSÃO, 10” com bico reto profissional Pro-4401 | 339030
896;DIMAT;publicado com pendência;unidade_fornecimento_ausente;170394;428;8510;179.4;Brindes AROMATIZANTE PARA VEÍCULOS: Formato circular com 7,5 cm de diâmetro e com cheirinho de carro novo, envolto em embalagem. Para pendurar em um local desejado com impressão em até 6 (seis) cores | 339030
900;COMAP;publicado com pendência;unidade_fornecimento_ausente;170394;429;1141;35000.0;Software mCalc para elaboração de projetos de estrutura metálica | 339039
901;DIMAT;publicado com pendência;unidade_fornecimento_ausente;170394;430;4110;1999.0;Aparelhos e central de ar condicionado APARELHO AR CONDICIONADO, capacidade: 9.000 btu/h, gás r410a, tipo: split hi-wall, tensão: monofásico 220v | 449052
905;GBS;publicado com pendência;unidade_fornecimento_ausente,mes_ausente;170394;431;4220;318932.16;"BOTE INFLÁVEL: Capacidade de pessoas a bordo: no mínimo 6 pessoas, sendo, um tripulante e cinco passageiros; capacidade total de carga: mínima de 1,300kg; comprimento mínimo interno de 3,20m; diâmetro dos flutuadores mínimo de 0,50m | 449052"
906;COMAV;publicado com pendência;unidade_fornecimento_ausente;170394;432;6530;25000.0;KIT DE CRICOTIREOIDOSTOMIA POR PUNÇÃO | 449052
907;DIREN;publicado com pendência;unidade_fornecimento_ausente;170394;433;9290;108000.0;Pós-graduação Full-Stack com IA – Rocketseat | 339039
908;DIMAT;publicado com pendência;unidade_fornecimento_ausente;170394;434;4430;7444.5;Aparelhos eletrodomésticos em geral e louça FOGÃO doméstico, cooktop de indução 4 bocas - 220v. Mais | 449052
912;DIMAT;publicado com pendência;unidade_fornecimento_ausente;170394;435;4430;16897.4;ID 19445) - Aparelhos eletrodomésticos em geral e mobília FOGÃO INDUSTRIAL DE SEIS BOCAS COM FORNO - Montado - Especificação: Torneiras de controle em dois lados opostos, inseridas em tubo de alimentação (gambiarra) | 449052
916;DIMAT;publicado com pendência;unidade_fornecimento_ausente;170394;436;7330;2725.0;Aparelhos eletrodomésticos em geral e louça SANDUICHEIRA GRILL, preto inox, Chapa Dupla e com Revestimento Antiaderente,750W, 220V | 339030
920;DIMAT;publicado com pendência;unidade_fornecimento_ausente;170394;437;7330;7643.4;Aparelhos eletrodomésticos em geral e mobília MÁQUINA AUTOMÁTICA DE GELO | 339030
924;DIMAT;publicado com pendência;unidade_fornecimento_ausente;170394;438;4110;5697.0;Aparelhos eletrodomésticos em geral e mobília FREEZER HORIZONTAL | 449052
928;DIMAT;publicado com pendência;unidade_fornecimento_ausente;170394;439;7210;1159.24;"Equipamentos e acessórios para som GRAVADOR de áudio digital; tipos de cartão de memória - Micro-SDHC, Micro-SD, MicroSDXC. Formato de gravação - MP3, WAV; formato de reprodução - MP3 | 449052"
932;DIMAT;publicado com pendência;unidade_fornecimento_ausente;170394;440;3750;1498.0;Máquinas e equipamentos agrícolas ROÇADEIRA | 449052
936;DIMAT;publicado com pendência;unidade_fornecimento_ausente;170394;441;3230;461.0;Ferramentas em geral CHAVE DE GRIFO medindo 12 polegadas | 449052
940;DIMAT;publicado com pendência;unidade_fornecimento_ausente;170394;442;5680;210.0;Ferramentas em geral CHAVE INGLESA AJUSTÁVEL. Mais | 339030
944;DIMAT;publicado com pendência;unidade_fornecimento_ausente;170394;443;5680;57.8;Ferramentas em geral MARTELO | 339030
948;COMAP;publicado com pendência;unidade_fornecimento_ausente;170394;444;5836;400000.0;Sistema de CFTV | 449052
949;DIMAT;publicado com pendência;unidade_fornecimento_ausente;170394;445;7110;175440.0;Móveis em geral BANCO DE VESTIÁRIO. Dimensões: 1200 X 480 X 450 mm (CxPxA). Estrutura do banco composta por tubo metálico quadrado medindo 40 mm x 40 mm x 1,20mm de espessura com tratamento de superfície, pintura eletrostática | 449052
953;GBS;publicado com pendência;unidade_fornecimento_ausente,mes_ausente;170394;446;4220;51588.0;CILINDRO DE AR COMPRIMIDO S80 confeccionado em liga de alumínio seguindo a norma DOT. Rosca 3/4” NPSM (Padrão Americano) | 449052
955;DIREN;publicado com pendência;unidade_fornecimento_ausente;170394;448;9290;270000.0;MBA Arquitetura de Soluções & IA – FIAP | 339039
956;DIMAT;publicado com pendência;unidade_fornecimento_ausente;170394;449;5680;240.0;Ferramentas em geral MAÇARICO | 339030
960;DIMAT;publicado com pendência;unidade_fornecimento_ausente;170394;450;5680;700.0;Ferramentas em geral TALHADEIRA | 339030
964;DIMAT;publicado com pendência;unidade_fornecimento_ausente;170394;451;5680;125.0;"Ferramentas em geral ALICATE UNIVERSAL 8 Pol. Profissional; Com suas mandíbulas planas e ovaladas podemos manter com firmeza superfícies de forma chata, cilíndrica, oval, quadrada, sextavada, oitavada ou poligonal | 339030"
972;DIMAT;publicado com pendência;unidade_fornecimento_ausente;170394;453;7820;9048.0;Equipamentos e bonecas para esportes e diversões PISO emborrachado 15mm | 449052
976;DIMAT;publicado com pendência;unidade_fornecimento_ausente;170394;454;5977;5800.0;Aparelhos eletrodomésticos em geral e louça PURIFICADOR DE ÁGUA - com elemento filtrante a base de bloqueio ativado e prata coloidal, sistema eletrônico de refrigeração, temperatura natural e gelada, contendo 1 Pingadeira (aparador de água) | 339030
980;DIMAT;publicado com pendência;unidade_fornecimento_ausente;170394;455;4430;8257.0;Aparelhos eletrodomésticos em geral e mobília FORNO ELÉTRICO | 449052
984;DIMAT;publicado com pendência;unidade_fornecimento_ausente;170394;456;7910;6311.92;Aparelhos eletrodomésticos em geral e louça ASPIRADOR DE PÓ portátil de mão, 220V, 600w, com fio | 449052
988;DIMAT;publicado com pendência;unidade_fornecimento_ausente;170394;457;7320;13153.0;"Aparelhos eletrodomésticos em geral e roupas LIQUIDIFICADOR Capacidade: 2 litros; Potência: 350 W; Tensão: 220 V; Material: Plástico ou Vidro | 449052"
992;DIMAT;publicado com pendência;unidade_fornecimento_ausente;170394;458;7330;3800.0;Aparelhos eletrodomésticos em geral e louça FOGÃO 06 bocas, mesa em aço inox, cor: branco, tipo: piso | 339030
996;COMAP;publicado com pendência;unidade_fornecimento_ausente;170394;459;9290;30000.0;Cursos de aperfeiçoamento/capacitação dos Engenheiros e Oficiais do COMAP | 339039
997;DIMAT;publicado com pendência;unidade_fornecimento_ausente;170394;460;8525;3196.0;Equipamentos de segurança COFRE automático digital afim de armazenamento de armas, munições, funcionais, distintivos | 339039
1001;GBS;publicado com pendência;unidade_fornecimento_ausente,mes_ausente;170394;461;1940;360000.0;BOTE INFLÁVEL. Com motor de 30HP | 449052
1002;COMAV;publicado com pendência;unidade_fornecimento_ausente;170394;462;6530;600000.0;Agulha intraóssea descartável compatível com sistema EZ-IO | 449052
1003;DIREN;publicado com pendência;unidade_fornecimento_ausente;170394;463;9290;128085.0;Administração de Banco de Dados | 339039
1004;DIMAT;publicado com pendência;unidade_fornecimento_ausente;170394;464;7320;11596.0;Aparelhos eletrodomésticos em geral e utensílios Coifa/depurador de parede, em aço inoxidável com acabamento inox, alta capacidade de sucção, filtro de carvão ativado, iluminação embutida, altura regulável | 449052
1008;DIMAT;publicado com pendência;unidade_fornecimento_ausente;170394;465;7210;669.9;Aparelhos eletrodomésticos em geral e boneca ESCADA Extensiva 4 em 1 2 x 15 Degraus em Alumínio | 449052
1012;DIMAT;publicado com pendência;unidade_fornecimento_ausente;170394;466;7320;4047.3;Aparelhos eletrodomésticos em geral e mobília CHALEIRA ELÉTRICA | 449052
1016;DIMAT;publicado com pendência;unidade_fornecimento_ausente;170394;467;5975;900.0;Materiais e acessórios de proteção de bens públicos SENSOR DE PRESENÇA para sobrepor em parede com ajuste de tempo, sensibilidade e acionamento da fotocélula | 339030
1024;DIMAT;publicado com pendência;unidade_fornecimento_ausente;170394;469;5680;123.08;Ferramentas em geral REBITADOR | 339030
1028;DIMAT;publicado com pendência;unidade_fornecimento_ausente;170394;470;5680;225.0;Ferramentas em geral ROLO PARA PINTURA | 339030
1032;DIMAT;publicado com pendência;unidade_fornecimento_ausente;170394;471;5680;357.0;Ferramentas em geral Jogo de chaves de fenda e phillips Jogo composto por 07 chaves, com as seguintes medidas: 04 Fendas simples | 339030
1036;DIMAT;publicado com pendência;unidade_fornecimento_ausente;170394;472;5680;100.0;"Ferramentas em geral PINCEL Atlas; material: Trincha com Cerdas Gris; tamanho: 3 Polegadas. Indicado para uso com tintas de base água, como tinta acrílica e tinta látex PVA | 339030"
1040;DIMAT;publicado com pendência;unidade_fornecimento_ausente;170394;473;5680;490.0;Ferramentas em geral KIT CHAVE DE FENDA | 339030
1044;COMAP;publicado com pendência;unidade_fornecimento_ausente;170394;474;4240;60000.0;EPI Manuntenção Predial | 449052
1045;DIMAT;publicado com pendência;unidade_fornecimento_ausente;170394;475;7210;358425.0;"Equipamentos e acessórios para imagens TV Led 4K 43"". 4K Led Ultra HD (3.840 x 2.160) Frequência 60Hz 43 polegadas, entrada HDMI e USB, bivolt Wi-Fi e Bluetooth Mais | 449052"
1049;GBS;publicado com pendência;unidade_fornecimento_ausente,mes_ausente;170394;476;4220;120000.0;PRANCHA TIPO SLED. Dispositivo de resgate aquático que é acoplado ao jetski | 449052
1051;DIREN;publicado com pendência;unidade_fornecimento_ausente;170394;478;9290;7780.0;e-social e EFD-REINF/DCTFWEB na Administração Pública | 339039
1052;DIMAT;publicado com pendência;unidade_fornecimento_ausente;170394;479;7210;5544.0;Aparelhos eletrodomésticos em geral e mobília MICROONDAS | 449052
1056;DIMAT;publicado com pendência;unidade_fornecimento_ausente;170394;480;7210;1250.0;Aparelhos eletrodomésticos em geral e boneca ESCADA | 449052
1060;DIMAT;publicado com pendência;unidade_fornecimento_ausente;170394;481;5680;110.0;"Ferramentas em geral ALICATE DE CORTE DE 6"": Alicate de Corte, em liga de aço, Cabo com Isolamento de 1.000V | 339030"
1064;DIMAT;publicado com pendência;unidade_fornecimento_ausente;170394;482;5680;274.16;Ferramentas em geral PARAFUSADEIRA E FURADEIRA | 339030
1068;DIMAT;publicado com pendência;unidade_fornecimento_ausente;170394;483;5680;490.0;Ferramentas em geral JOGO DE CHAVES PHILIPS | 339030
1072;DIMAT;publicado com pendência;unidade_fornecimento_ausente;170394;484;5680;100.0;Ferramentas em geral ESPÁTULA | 339030
1076;DIMAT;publicado com pendência;unidade_fornecimento_ausente;170394;485;5210;600.0;Aparelhos para a medição do ar Data logger de Temperatura e Umidade, com Display vertical e horizontal comutável, Conexão via cabo USB com software de gerenciamento, com 5 Canais Sem Fio de termohigrômetro para medição dos ambientes | 449052
1080;DIMAT;publicado com pendência;unidade_fornecimento_ausente;170394;486;5210;6774.0;Aparelhos de orientação para sinalização RASTREADOR veicular GPS, sem fio, com magnéticos, escuta ambiental e bateria de longa duração, de acordo | 449052
1084;DIMAT;publicado com pendência;unidade_fornecimento_ausente;170394;487;7510;286.05;Material de uso administrativo APAGADOR | 339030
1092;COMAP;publicado com pendência;unidade_fornecimento_ausente;170394;489;6625;136000.0;Equipamentos de engenharia - analisador de energia | 449052
1093;DIMAT;publicado com pendência;unidade_fornecimento_ausente;170394;490;7110;3554.55;Móveis de confecção mista para escritório Quadro de avisos, material: cortiça, moldura: alumínio, dimensões: 150 x 120 cm | 449052
1097;GBS;publicado com pendência;unidade_fornecimento_ausente,mes_ausente;170394;491;4220;45835.1;COMPUTADOR DE MERGULHO. Algoritmo ZH-L16C com gradiente factor e multigás preditivo compatível com mínimo de três gases. Tela de alta resolução | 449052
1098;COMAV;publicado com pendência;unidade_fornecimento_ausente;170394;492;6530;10000.0;SENSOR DE CAPNOGRAFIA | 449052
1100;DIMAT;publicado com pendência;unidade_fornecimento_ausente;170394;493;7510;1827.0;Material de uso administrativo PRANCHETA | 339030
1104;DIMAT;publicado com pendência;unidade_fornecimento_ausente;170394;494;7510;1297.5;Material de uso administrativo Grampeador, material: aço, referência grampo: 23/6, 23/8, 23/10 e 23/13mm, capacidade grampeamento: até 100 folhas | 339030
1108;DIMAT;publicado com pendência;unidade_fornecimento_ausente;170394;495;7510;1350.0;Papéis Papel filifold | 339030
1112;DIMAT;publicado com pendência;unidade_fornecimento_ausente;170394;496;7510;253.0;Material de uso administrativo FILMOPLAST P - TRANSPARENTE 2 mm x 50m, Fita de papel transparente, extremamente fina, sem polpa de madeira e ácido, revestida com adesivo neutro, solúvel em água, muito resistente ao tempo e não amarela | 339030
1116;DIMAT;publicado com pendência;unidade_fornecimento_ausente;170394;497;7510;144.0;Material de uso administrativo ESTILETE | 339030
1120;DIMAT;publicado com pendência;unidade_fornecimento_ausente;170394;498;4220;180.0;Materiais e acessórios de proteção individual LUVA DE VAQUETA | 449052
1128;DIMAT;publicado com pendência;unidade_fornecimento_ausente;170394;500;5680;240.0;Ferramentas em geral MULTÍMETRO DIGITAL | 339030
1138;COMAP;publicado com pendência;unidade_fornecimento_ausente;170394;501;6625;17000.0;Equipamentos de engenharia - microhmímetro | 449052
1139;DIMAT;publicado com pendência;unidade_fornecimento_ausente;170394;502;7110;245915.0;Móveis em geral CADEIRA fixa empilhável, sem braços, com assento e espaldar moldados anatomicamente em polipropileno copolímero estruturado na cor preta | 449052
1143;GBS;publicado com pendência;unidade_fornecimento_ausente,mes_ausente;170394;503;4240;22704.0;ABSORVEDOR DE ENERGIA PARA RESGATE. Dispositivo de segurança destinado à redução das forças de impacto em situações de queda, inclusive em operações de resgate. Pode ser utilizado para cargas maiores em situações de resgate com duas pessoas | 449052
1145;DIREN;publicado com pendência;unidade_fornecimento_ausente;170394;505;9290;7780.0;Regularizações Contábeis no SIAFI( Contas Contábeis, eventos, Situações e Rotinas) De acordo com as ùtimas Alterações | 339039
1175;COMAP;publicado com pendência;unidade_fornecimento_ausente;170394;506;3590;9500.0;Equipamentos de engenharia - Câmera termográfica | 449052
1176;DIMAT;publicado com pendência;unidade_fornecimento_ausente;170394;507;7110;245915.0;Móveis em geral CADEIRA fixa empilhável, sem braços, com assento e espaldar moldados anatomicamente em polipropileno copolímero estruturado na cor preta | 449052
1180;GBS;publicado com pendência;unidade_fornecimento_ausente,mes_ausente;170394;508;4240;26508.0;Corda Semiestática de 11 mm de diâmetro (admitindose variação de + ou - 0,1 milímetro). Deverá ser confeccionada 100% em poliamida | 449052
1181;COMAV;publicado com pendência;unidade_fornecimento_ausente;170394;509;6530;28000.0;CINTA PÉLVICA | 449052
1182;DIREN;publicado com pendência;unidade_fornecimento_ausente;170394;510;9290;7780.0;Básico de Power BI Aplicado à Execução Orçamentária e Financeira | 339039
1213;COMAP;publicado com pendência;unidade_fornecimento_ausente;170394;511;3590;2100.0;Equipamentos de engenharia - Alicate amperímetro | 449052
1214;DIMAT;publicado com pendência;unidade_fornecimento_ausente;170394;512;7110;5487930.0;Móveis em geral CADEIRA GIRATÓRIA | 449052
1218;GBS;publicado com pendência;unidade_fornecimento_ausente,mes_ausente;170394;513;4220;100000.0;SONAR. À prova de queda de no mínimo 2m, ante choque, vibração, chuva, poeira, areia, altitude, congelamento, temperatura alta / baixa, choque de temperatura, umidade e atmosfera explosiva | 449052
1220;DIREN;publicado com pendência;unidade_fornecimento_ausente;170394;515;9290;7780.0;Tesouro Gerencial Avançado | 339039
1221;COMAP;publicado com pendência;unidade_fornecimento_ausente,classe_sugerida;170394;516;5412;9989878.65;CEFAP - Continuidade da obra | 449051
1222;DIMAT;publicado com pendência;unidade_fornecimento_ausente;170394;517;5461;6957201.0;Prestação de serviços de Fornecimento de Energia Elétrica ( Neo Energia) para o CBMDF | 449051
1226;CEABM;publicado com pendência;unidade_fornecimento_ausente;170394;518;7020;18000.0;Impressoras a laser de pequeno porte para uso em consultórios | 449052
1228;GBS;publicado com pendência;unidade_fornecimento_ausente,mes_ausente;170394;519;4240;224980.0;DESENCARCERADOR TIPO CORTADOR A BATERIA PARA VEÍCULOS DE PORTE PESADO. Ferramenta destinada a operações de desencarceramento em veículos de porte pesado, equipada com lâminas de corte em aço de alta resistência mecânica | 449052
1232;DITIC;publicado com pendência;unidade_fornecimento_ausente;170394;521;7010;11443565.0;Ata de Registro de Preco - Desktops (reequilíbrio) | 449052
1254;COMAP;publicado com pendência;unidade_fornecimento_ausente;170394;522;6695;27000.0;Equipamentos de engenharia - Estação total | 449052
1255;DIMAT;publicado com pendência;unidade_fornecimento_ausente;170394;523;7110;18624.0;Móveis de madeira para escritório MESA DE TRABALHO RETA MEDIDAS: 1600 X 600 X 740 MM (LXPXA) Variação máxima de 5% nas medidas | 449052
1259;GBS;publicado com pendência;unidade_fornecimento_ausente,mes_ausente;170394;524;4220;12000.0;MÁSCARA FULL FACE PARA MERGULHO. Corpo em silicone não rígido com sistema de dupla vedação combinada com moldura de plástico ABS de alto impacto moldada por injeção. Lente em policarbonato com amplo campo de visão e alta resistência | 449052
1260;COMAV;publicado com pendência;unidade_fornecimento_ausente;170394;525;1423;12217.92;STARLINK DE AVIAÇÃO | 339039
1261;DIREN;publicado com pendência;unidade_fornecimento_ausente;170394;526;9290;7780.0;GESTÃO PÚBLICA INTELIGENTE - IA NA PRÁTICA ORÇAMENTÁRIA, FINANCEIRA, CONTÁBIL E NO USO DE FERRAMENTA SIAFI | 339039
1282;COMAP;publicado com pendência;unidade_fornecimento_ausente;170394;527;3590;13000.0;Equipamentos de engenharia - Geofone Eletrônico | 449052
1283;DIMAT;publicado com pendência;unidade_fornecimento_ausente;170394;528;7110;478.0;Móveis em geral Quadro Branco 2,0 (mínimo) x 1,20 (mínimo) - quadro lousa branca fórmica, alta durabilidade, fundo em mdf e moldura de alumínio com 2 cm de espessura com suporte para apagador | 449052
1287;GBS;publicado com pendência;unidade_fornecimento_ausente,mes_ausente;170394;529;4240;162600.0;LONGE DE POSICIONAMENTO REGULÁVEL. Equipamento de proteção individual utilizado em atividades em altura, devendo ser composto por corda dinâmica. Deve ser fabricado com materiais resistentes | 449052
1288;COMAV;publicado com pendência;unidade_fornecimento_ausente;170394;530;1680;150000.0;FONTES EXTERNA POWER BOX | 339030
1289;DIREN;publicado com pendência;unidade_fornecimento_ausente;170394;531;9290;11380.0;SIMPÓSIO NACIONAL ONE. CURSO: GESTÃO PATRIMONIAL NA ADMINISTRAÇÃO PÚBLICA | 339039
1310;COMAP;publicado com pendência;unidade_fornecimento_ausente;170394;532;3431;3000.0;Equipamentos de engenharia - Máquina de solda | 449052
1311;DIMAT;publicado com pendência;unidade_fornecimento_ausente;170394;533;7110;227365.2;Móveis em geral POLTRONA ergonômica de espaldar alto com suportes braços reguláveis, base giratória com rodízios duplos. Mais | 449052
1315;GBS;publicado com pendência;unidade_fornecimento_ausente,mes_ausente;170394;534;4240;90000.0;MACA FLEXÍVEL TIPO ENVELOPE CORPO INTEIRO. Maca de resgate tipo envelope, destinada à imobilização, proteção e transporte de vítimas em operações de salvamento. Deve ser fabricada em material resistente, possuir sistema de fechamento seguro | 449052
1316;COMAV;publicado com pendência;unidade_fornecimento_ausente;170394;535;7339;21000.0;CONTRATAÇÃO DE LICENÇAS DE APLICATIVOS AERONÁUTICOS PARA MONITORAMENTO METEOROLÓGICO, PLANEJAMENTO DE VOO, NAVEGAÇÃO, CÁLCULO DE DESEMPENHO, PESO E BALANCEAMENTO DAS AERONAVES OPERADAS PELO COMANDO DE AVIAÇÃO OPERACIONAL (COMAV) | 339039
1317;DIREN;publicado com pendência;unidade_fornecimento_ausente;170394;536;9290;11380.0;SIMPÓSIO NACIONAL DE ADMINISTRAÇÃO E EXECUÇÃO DA GESTÃO ORÇAMENTÁRIA E FINANCEIRA NO SETOR PÚBLICO | 339039
1338;COMAP;publicado com pendência;unidade_fornecimento_ausente,classe_sugerida,natureza_ausente;170394;537;5680;2000000.0;Aquisição de Divisórias Anexo I e Palácio Dom Pedro | 
1339;DIMAT;publicado com pendência;unidade_fornecimento_ausente;170394;538;7110;5179.86;Móveis em geral ARMÁRIO COPA/COZINHA - Material: Mdf, Tipo: De Pé, Acabamento Superficial: Laminado Melamínico, Cor: Branca, Quantidade Prateleiras: 3 UM, Largura: 0,61 M, Profundidade: 0,60 M, Altura: 2,15 M | 449052
1343;GBS;publicado com pendência;unidade_fornecimento_ausente,mes_ausente;170394;539;4220;74856.0;COLETE EQUILIBRADOR (tipo jaqueta) – Construção com bolsa de ar única, confeccionado em Cordura® mínimo 1000 Denier ou tecido equivalente de comprovada alta resistência à abrasão e tração. Design robusto para uso intensivo, com costuras reforçadas | 449052
1344;COMAV;publicado com pendência;unidade_fornecimento_ausente;170394;540;6530;36000.0;EQUIPAMENTOS DE ATENDIMENTRO AO TRAUMA E CONTENÇÃO DE HEMORRAGIA( SELO DE TORAX VALVULADO) | 449052
1345;DIREN;publicado com pendência;unidade_fornecimento_ausente;170394;541;9290;25000.0;Pós-Graduação em Enfermagem Aeroespacial | 339039
1366;COMAP;publicado com pendência;unidade_fornecimento_ausente;170394;542;7230;76875.0;Contrato de persianas | 449052
1367;DIMAT;publicado com pendência;unidade_fornecimento_ausente;170394;543;7110;70740.0;Móveis em geral ARMÁRIO ALTO PARA GABINETE | 449052
1371;GBS;publicado com pendência;unidade_fornecimento_ausente,mes_ausente;170394;544;2010;99427.92;MOTOR DE POPA. Motor de 40 a 60 HP. 4 tempos. 3 cilindros. Sistema de partida elétrico. Com sensor de temperatura | 449052
1373;DIREN;publicado com pendência;unidade_fornecimento_ausente;170394;546;9290;300000.0;CURSO TÉCNICO EM ENFERMAGEM | 339039
1394;COMAP;publicado com pendência;unidade_fornecimento_ausente;170394;547;5450;100000.0;Andaimes fachadeiro | 339030
1395;DIMAT;publicado com pendência;unidade_fornecimento_ausente;170394;548;7110;111477.84;Móveis em geral SOFÁ RETO DE 3 LUGARES | 449052
1399;GBS;publicado com pendência;unidade_fornecimento_ausente,mes_ausente;170394;549;1940;280000.0;BOTE INFLÁVEL. De salvamento a remo | 449052
1401;DIREN;publicado com pendência;unidade_fornecimento_ausente;170394;551;9290;25200.0;Desfazimento de Bens Móveis na Prática: Domine a Legislação Federal com Segurança e Estratégia | 339039
1422;COMAP;publicado com pendência;unidade_fornecimento_ausente;170394;552;8729;50000.0;Contratação de serviços de Manutenção das Plotters | 339039
1423;DIMAT;publicado com pendência;unidade_fornecimento_ausente;170394;553;4240;547136.5;Equipamento de proteção de segundo BARRACA de campanha modular NR17/2017-D Abst, de 5m de largura x 6,24m de comprimento x 2,84m de altura, conforme concepção técnica da NR 17/2017 – D Abst., na cor branca | 449052
1427;GBS;publicado com pendência;unidade_fornecimento_ausente,mes_ausente;170394;554;4220;120000.0;REFLUTUADOR DE CARGA LIFTBAG. Saco elevatório para Mergulho. Ideal para recuperar ou sinalizar objetos com segurança | 449052
1429;DIREN;publicado com pendência;unidade_fornecimento_ausente;170394;556;9290;39830.0;3º Simpósio Nacional One Cursos: Gestão Patrimonial na Administração Pública | 339039
1450;COMAP;publicado com pendência;unidade_fornecimento_ausente;170394;557;7070;14600.0;Insumos para Plotter (cartuchos e papel) | 449052
1451;DIMAT;publicado com pendência;unidade_fornecimento_ausente;170394;558;4110;38250.0;Aparelhos e central de ar condicionado AR CONDICIONADO | 449052
1455;GBS;publicado com pendência;unidade_fornecimento_ausente,mes_ausente;170394;559;6505;600.0;SORO ANTIOFÍDICO POLIVALENTE. Sorotipo antiofídico polivalente de serpentes gêneros Crotalus, Bothrops e Lachesis, de uso veterinário | 339030
1478;COMAP;publicado com pendência;unidade_fornecimento_ausente;170394;561;5660;50000.0;Cercamento dos quartéis | 339030
1479;DIMAT;publicado com pendência;unidade_fornecimento_ausente;170394;562;4110;40116.6;Aparelhos e central de ar condicionado APARELHO AR CONDICIONADO, capacidade: 58.000 btu/h, gás r410a, tipo: split hi-wall, tensão: monofásico 220v | 449052
1483;GBS;publicado com pendência;unidade_fornecimento_ausente;170394;563;4240;122880.0;BLOCO DE POLIAS. Conjunto destinado a operações de salvamento, projetado para montagem de sistemas de tração e progressão de carga, permitindo ganho de força com segurança e eficiência. Deve possuir pelo menos duas roldanas duplas | 449052
1485;DIREN;publicado com pendência;unidade_fornecimento_ausente;170394;565;9290;36400.0;Mecânico Célula Reciclagem AS350 B3, B3+ e H125 | 339039
1506;COMAP;publicado com pendência;unidade_fornecimento_ausente,classe_sugerida;170394;566;5412;2800000.0;Construção quartel tipo D - Jardim Botânico | 449051
1507;DIMAT;publicado com pendência;unidade_fornecimento_ausente;170394;567;7110;251.6;Móveis em geral SUPORTE PARA TV | 449052
1511;GBS;publicado com pendência;unidade_fornecimento_ausente,mes_ausente;170394;568;4240;180000.0;MINI CORTADOR HIDRÁULICO PARA RESGATE. Ferramenta hidráulica à bateria para corte de obstáculos metálicos | 449052
1513;DIREN;publicado com pendência;unidade_fornecimento_ausente;170394;570;9290;30000.0;Mestrado em TI (UCB ou IDP) | 339039
1514;COMAP;publicado com pendência;unidade_fornecimento_ausente,classe_sugerida;170394;571;5412;2363949.22;16º GBM - Remanescente de obra de reforma - Gama | 449051
1515;DIMAT;publicado com pendência;unidade_fornecimento_ausente;170394;572;9411;5895403.96;Prestação de serviços de fornecimento de Água Potável e Esgoto Sanitário ( CAESB)para o CBMDF | 339039
1519;CEABM;publicado com pendência;unidade_fornecimento_ausente;170394;573;7060;5400.0;625673 Monitor ComputadorTamanho Tela: 23 A 30 POL Tipo De Tela: Led Formato Tela: Widescreen Qualidade De Imagem: Full Hd Interatividade Da Tela: Sem Interatividade Ajuste: Ajuste De Rotação | 449052
1521;GBS;publicado com pendência;unidade_fornecimento_ausente,mes_ausente;170394;574;4240;239780.0;DESENCARCERADOR TIPO ALARGADOR A BATERIA PARA VEÍCULOS DE PORTE PESADO. Ferramenta destinada a operações de desencarceramento em veículos de porte pesado, projetada para aplicações de alta exigência estrutural | 449052
1523;GPCIV;publicado com pendência;unidade_fornecimento_ausente;170394;576;4610;7000.0;PURIFICADOR DE ÁGUA: Equipamento portátil de purificação de água destinado ao atendimento de operações de emergência, ações humanitárias e desastres | 449052
1525;DITIC;publicado com pendência;unidade_fornecimento_ausente;170394;577;1112;3500000.0;Soluções de Gestão para Saúde | 339039
1546;COMAP;publicado com pendência;unidade_fornecimento_ausente,classe_sugerida;170394;578;5412;2800000.0;Construção quartel tipo D - Sobradinho II/Fercal | 449051
1547;DIMAT;publicado com pendência;unidade_fornecimento_ausente;170394;579;7110;631989.0;Móveis em geral CADEIRA GIRATÓRIA | 449052
1551;GBS;publicado com pendência;unidade_fornecimento_ausente,mes_ausente;170394;580;4220;69120.0;BLOCO DE COMUTAÇÃO DE GÁS (Switch Block para Mergulho). O referido equipamento tem a função de oferecer a um mergulhador a capacidade de alternar entre duas fontes independentes de gás sem ter que remover a máscara full face de mergulho | 449052
1553;DIREN;publicado com pendência;unidade_fornecimento_ausente;170394;582;9290;45490.0;Inspeção de Pás do rotor principal e rotor de cauda AS350/H125 | 339039
1574;COMAP;publicado com pendência;unidade_fornecimento_ausente;170394;583;5429;515000.0;CMDP II - Subestação | 449051
1575;DIMAT;publicado com pendência;unidade_fornecimento_ausente;170394;584;7110;572000.0;Móveis de confecção mista para escritório CADEIRA GIRATÓRIA ESPALDAR ALTO COM APOIO DE CABEÇA Assento em madeira compensada multilaminada, moldada anatomicamente, com espessura de 12 mm (7 lâminas). Espuma de poliuretano flexível HR, isento de CFC | 449052
1579;GBS;publicado com pendência;unidade_fornecimento_ausente,mes_ausente;170394;585;4220;27472.5;CAPACETE DE SEGURANÇA PARA MERGULHO (compatível com MFF). Com proteção contra batidas (choques) de cabeça contra obstáculos em ambientes com pouca ou nenhuma visibilidade | 449052
1581;DIREN;publicado com pendência;unidade_fornecimento_ausente;170394;587;9290;113765.0;Voos de Manutenção no AS350 B3/H125 | 339039
1602;DIMAT;publicado com pendência;unidade_fornecimento_ausente;170394;588;7110;168000.0;Móveis em geral MESA DE REUNIÃO | 449052
1606;GBS;publicado com pendência;unidade_fornecimento_ausente,mes_ausente;170394;589;4220;40800.0;SISTEMA DE MONTAGEM PARA CILINDRO DE EMERGÊNCIA (BAIL OUT). Estrutura principal composta de dois blocos deslizantes confeccionados em alumínio maciço dotado de bloqueador tipo pino (trava) | 449052
1608;DIREN;publicado com pendência;unidade_fornecimento_ausente;170394;591;9290;91005.0;Qualificação Tipo Célula H130 (EC130 T2) e EC130 B4 | 339039
1629;DIMAT;publicado com pendência;unidade_fornecimento_ausente;170394;592;7110;675476.4;Móveis em geral ARMÁRIO DE AÇO 02 PORTAS E GAVETA PARA FERRAMENTA | 449052
1634;COMAV;publicado com pendência;unidade_fornecimento_ausente;170394;593;9290;575000.0;CONTRATAÇÃO DE EMPRESA PARA FORNECER SERVIÇOS DE HABILITAÇÃO MLTE, IFR, INVA, PC | 339039
1635;DIREN;publicado com pendência;unidade_fornecimento_ausente;170394;594;9290;45490.0;Mecânico Célula Reciclagem EC130 B4 e H130 | 339039
1648;DIMAT;publicado com pendência;unidade_fornecimento_ausente,classe_sugerida,natureza_ausente;170394;595;7110;129240.0;Móveis em geral MESA DE REUNIÃO | 
1652;GBS;publicado com pendência;unidade_fornecimento_ausente,mes_ausente;170394;596;9999;62500.0;RAÇÃO CANINA. Tipo Super premium - Adulto | 339030
1653;COMAV;publicado com pendência;unidade_fornecimento_ausente;170394;597;9290;253000.0;FAMILIARIAZAÇÃO INICIAL E CONTINUADA KING AIR B200/AIR TRACTO / CARAVAN | 339039
1654;DIREN;publicado com pendência;unidade_fornecimento_ausente;170394;598;9290;163800.0;Qualificação de Tipo Célula H135 (EC135 T3H/P3H - Helionix®) | 339039
1665;DIMAT;publicado com pendência;unidade_fornecimento_ausente;170394;599;7110;26245.5;Móveis em geral MESA CEO | 449052
1669;GBS;publicado com pendência;unidade_fornecimento_ausente,mes_ausente;170394;600;9999;123750.0;RAÇÃO CANINA. Tipo Super premium - Filhote. Nutrientes e nível de acordo | 339030
1670;COMAV;publicado com pendência;unidade_fornecimento_ausente;170394;601;9290;75000.0;TREINAMENTO DE MANUTENÇÃO DE MOTORES PRATT & WHITNEY | 339039
1671;DIREN;publicado com pendência;unidade_fornecimento_ausente;170394;602;9290;113765.0;Voos de Manutenção H135 | 339039
1682;DIMAT;publicado com pendência;unidade_fornecimento_ausente;170394;603;7110;338040.0;Móveis em geral MESA DE TRABALHO ANGULAR TIPO II | 449052
1686;GBS;publicado com pendência;unidade_fornecimento_ausente,mes_ausente;170394;604;4220;27472.5;CAPACETE DE SEGURANÇA PARA MERGULHO - equipamento de proteção individual projetado para resguardar a cabeça do mergulhador contra impactos, abrasões e choques com obstáculos submersos. Deve ser fabricado com material resistente e leve | 449052
1687;COMAV;publicado com pendência;unidade_fornecimento_ausente;170394;605;5826;143000.0;FONE DE OUVIDO PARA AVIAÇÃO - RADIOCOMUNICAÇÃO | 449052
1688;DIREN;publicado com pendência;unidade_fornecimento_ausente;170394;606;9290;91005.0;Curso Coordenador de Manutenção | 339039
1699;DIMAT;publicado com pendência;unidade_fornecimento_ausente;170394;607;4240;11594.0;Equipamentos de proteção TENDA PIRAMIDAL 6X6 m, Cor branca | 449052
1703;GBS;publicado com pendência;unidade_fornecimento_ausente,mes_ausente;170394;608;4220;39504.0;MANOMETRO SUBMERGÍVEL. (console duplo). Marcador submergível de pressão até 300bar e visor fosforescente com marcação em vermelho da zona de reserva de 50bar para compor o sistema de fornecimento de ar de um mergulhador autônomo | 449052
1704;COMAV;publicado com pendência;unidade_fornecimento_ausente;170394;609;7312;7000000.0;LOCAÇÃO DE 01 (UMA) AERONAVE DE ASAS ROTATIVAS, MONOMOTORA, COM MOTOR À REAÇÃO, COM CAPACIDADE DE TRANSPORTE DE, NO MÍNIMO, 02 (DOIS) PILOTOS E 05 (CINCO) PASSAGEIROS, HOMOLOGADA PELA AGÊNCIA NACIONAL DE AVIAÇÃO CIVIL (ANAC) | 339039
1705;DIREN;publicado com pendência;unidade_fornecimento_ausente;170394;610;9290;63780.0;BL-29700-23 Flight Line Safety & Maintenance Training - Guincho Breeze-Eastern | 339039
1716;DIMAT;publicado com pendência;unidade_fornecimento_ausente;170394;611;7210;143.99;Equipamentos e acessórios para imagens BASTÃO DE LED | 449052
1720;GBS;publicado com pendência;unidade_fornecimento_ausente,mes_ausente;170394;612;2010;96000.0;MOTOR DE POPA DE 15HP. Motor de popa para propulsão de botes, de fácil manutenção, equipado com protetor de hélice removível | 449052
1733;DIMAT;publicado com pendência;unidade_fornecimento_ausente;170394;614;3439;5995.0;Máquinas, bonecas e equipamentos diversos FURADEIRA /PARAFUSADEIRA, de impacto a bateria, com voltagem de operação de no mínimo 20 volts, mandril de aperto rápido sem chave de 1/2 polegada, gatilho eletrônico com velocidade variável e reversível | 339030
1737;GBS;publicado com pendência;unidade_fornecimento_ausente,mes_ausente;170394;615;4220;37200.0;MANGUEIRA DE 70CM PARA CILINDRO DE EMERGÊNCIA. Mangueira de baixa pressão para montagem em regulador de primeiro estágio de mergulho autônomo, porém | 449052
1739;DIREN;publicado com pendência;unidade_fornecimento_ausente;170394;617;9290;326876.0;contratação de empresa para prestação de serviços de familiarização e ambientação inicial e continuada (refreshment) da aeronave da fabricante TEXTRON CESSNA modelo C208B Grand Caravan | 339039
1740;COMAP;publicado com pendência;unidade_fornecimento_ausente,classe_sugerida;170394;618;5412;4000000.0;1º GBM - Remanescente de obra de reforma - Vila Planalto | 449051
1741;DIMAT;publicado com pendência;unidade_fornecimento_ausente;170394;619;8533;16000000.0;Contratação de empresa especializada na prestação dos serviços de limpeza e conservação, compreendendo o fornecimento de postos de serviços, bem como todo o material e equipamentos necessários e adequados | 339039
1745;CEABM;publicado com pendência;unidade_fornecimento_ausente;170394;620;7020;4800.0;toners, cartuchos | 449052
1747;GBS;publicado com pendência;unidade_fornecimento_ausente,mes_ausente;170394;621;4240;250000.0;DESENCARCERADOR TIPO CILINDRO EXPANSOR A BATERIA PARA VEÍCULOS DE PORTE PESADO. Cilindro extensor telescópico a bateria destinado a operações de desencarceramento em veículos de porte pesado | 449052
1749;GPCIV;publicado com pendência;unidade_fornecimento_ausente;170394;623;7820;8000.0;TOBOGÃ, colorex top inflável, dimensão: 4,50mx2,8mx4m | 449052
1751;DITIC;publicado com pendência;unidade_fornecimento_ausente;170394;624;1111;300000.0;Aquisição de solução de software para comunicação instantânea (whatsapp, telegram, instagram direct e outras) | 339039
1762;DIMAT;publicado com pendência;unidade_fornecimento_ausente;170394;625;7110;243472.2;Móveis de confecção mista para escritório Poltrona executiva em tela, giratória, com braços e encosto de cabeça, Encosto: em estrutura tubular com formato retangular, curvado anatomicamente | 449052
1766;GBS;publicado com pendência;unidade_fornecimento_ausente,mes_ausente;170394;626;4240;138200.0;POLIA DUPLA COM DESTORCEDOR. Polia dupla para uso em cordas, composta por roldana de grande diâmetro com rolamentos selados montadas paralelamente, dotada de destorcedor de cordas e ponto de conexão auxiliar | 449052
1768;DIREN;publicado com pendência;unidade_fornecimento_ausente;170394;628;9290;23580.0;MBA em Inteligência Artificial e Transformação Digital - USP EAD | 339039
1779;DIMAT;publicado com pendência;unidade_fornecimento_ausente;170394;629;7110;26375.2;Móveis em geral POLTRONA DE AMAMENTAÇÃO - Poltrona individual estofada, revestida em couro sintético, dotada de apoia-braços. Mais | 449052
1783;GBS;publicado com pendência;unidade_fornecimento_ausente,mes_ausente;170394;630;4240;24200.0;TALABARTE DUPLO EM Y COM GANCHOS MGO. Com absorvedor de impacto para restrição e retenção de quedas e movimentação em estruturas. Confeccionado em fitas de poliéster de alta tenacidade de 30 mm de largura | 449052
1784;COMAV;publicado com pendência;unidade_fornecimento_ausente;170394;631;8470;297000.0;CAPACETE DE VOO - AVIAÇÃO | 339030
1785;DIREN;publicado com pendência;unidade_fornecimento_ausente;170394;632;9290;25000.0;Qualificação de Aviônicos, Célula e Motor EC130 B4 | 339039
1796;DIMAT;publicado com pendência;unidade_fornecimento_ausente;170394;633;7110;167880.0;Móveis em geral SOFÁ RETO | 449052
1802;DIREN;publicado com pendência;unidade_fornecimento_ausente;170394;635;9290;25000.0;QUALIFICAÇÃO MECÂNICO AVIÔNICOS, CÉLULA E MOTOR TEÓRICO E PRÁTICO EC135 (CPDS) | 339039
1813;DIMAT;publicado com pendência;unidade_fornecimento_ausente;170394;636;4240;3196.0;Equipamentos de segurança COFRE automático digital afim de armazenamento de armas, munições, funcionais, distintivos | 449052
1819;DIREN;publicado com pendência;unidade_fornecimento_ausente;170394;638;9290;108000.0;Pós-graduação IA e Automação – Rocketseat | 339039
1830;DIMAT;publicado com pendência;unidade_fornecimento_ausente;170394;639;5975;120.0;Material para instalação elétrica e de iluminação Tomada de embutir, material placa: termoplástico, dimensões: 4x2, amperagem: 10 a, tensão: 250 v, quantidade seção: 1, tipo: 2p+t | 339030
1834;GBS;publicado com pendência;unidade_fornecimento_ausente,mes_ausente;170394;640;4240;82880.0;POLIA SIMPLES COM DESTORCEDOR. Polia simples para uso em cordas, composta por roldana de grande diâmetro com rolamentos selados e destorcedor de cordas acoplado, permitindo conexão simultânea de acessórios | 449052
1836;DIREN;publicado com pendência;unidade_fornecimento_ausente;170394;642;9290;150.0;Pós Tech Full Stack Development – FIAP/Alura | 339039
1847;DIMAT;publicado com pendência;unidade_fornecimento_ausente;170394;643;5975;120.0;Material para instalação elétrica e de iluminação Tomada de embutir, material placa: termoplástico, dimensões: 4x2, amperagem: 10 a, tensão: 250 v, quantidade seção: 1, tipo: 2p+t | 339030
1851;GBS;publicado com pendência;unidade_fornecimento_ausente,mes_ausente;170394;644;4240;51000.0;CORTADOR A DISCO PARA CONCRETO. De alta potência. Profissional, para corte pesado de concreto e metal em estruturas colapsadas | 449052
1852;COMAV;publicado com pendência;unidade_fornecimento_ausente;170394;645;6530;1400.0;BOUGIE ADULTO | 449052
1853;DIREN;publicado com pendência;unidade_fornecimento_ausente;170394;646;9290;150000.0;Pós Tech DevOps e Arquitetura Cloud – FIAP/Alura | 339039
1864;DIMAT;publicado com pendência;unidade_fornecimento_ausente;170394;647;4210;800.0;Materiais e acessórios de proteção individual Capacete de segurança, material: 100% polietileno, cor: à escolha | 449052
1870;DIREN;publicado com pendência;unidade_fornecimento_ausente;170394;649;9290;198510.0;MBA Data Science, IA e Analytics – USP/Esalq | 339039
1881;DIMAT;publicado com pendência;unidade_fornecimento_ausente;170394;650;8465;3198.0;Materiais e acessórios de proteção individual MÁSCARA | 339030
1885;GBS;publicado com pendência;unidade_fornecimento_ausente,mes_ausente;170394;651;4220;68327.6;FERRAMENTA DE CORTE TIPO TESOURA ESPECÍFICA PARA MERGULHO. Deve ser construída em aço inoxidável de grau 420 revestida de flúor para resistência à corrosão | 449052
1887;DIREN;publicado com pendência;unidade_fornecimento_ausente;170394;653;9290;16000.0;Curso de Transporte de Recém-Nascido de Alto Risco | 339039
1898;DIMAT;publicado com pendência;unidade_fornecimento_ausente;170394;654;6330;5155.65;Máquinas, máquinas e equipamentos diversos Kit Motor Portão Eletrônico Portão Eletrônico, automatizado 600kg, deslizante, com CREMALHEIRA de 2m a 6m e controle remoto. Demais qualificações conforme Termo de Referência | 449052
1902;GBS;publicado com pendência;unidade_fornecimento_ausente,mes_ausente;170394;655;4220;63000.0;PRANCHÃO DE SALVAMENTO AQUÁTICO. Utilizado no resgate aquático | 449052
1904;DIREN;publicado com pendência;unidade_fornecimento_ausente;170394;657;9290;60000.0;Curso de APH TÁTICO (TEC) | 339039
1915;DIMAT;publicado com pendência;unidade_fornecimento_ausente;170394;658;3230;3000.0;Máquinas, Ferramentas e mobília de oficinas mecânicas LAVADORA de alta pressão 1500psi 1400w com jato de água leque e concentrado, sistema stop total | 449052
1919;GBS;publicado com pendência;unidade_fornecimento_ausente,mes_ausente;170394;659;4220;14304.0;HARNESS OU ARNÊS DE SEGURANÇA PARA FINS | 449052
1920;COMAV;publicado com pendência;unidade_fornecimento_ausente;170394;660;6530;1600.0;SENSOR DE OXIMETRIA PARA NEONATOS | 449052
1921;DIREN;publicado com pendência;unidade_fornecimento_ausente;170394;661;9290;9000.0;Critical Communications World (CCW) 2026 | 339039
1922;COMAP;publicado com pendência;unidade_fornecimento_ausente,classe_sugerida;170394;662;5412;2855782.16;Berçário - Construção na ABMIL | 449051
1923;DIMAT;publicado com pendência;unidade_fornecimento_ausente;170394;663;6779;1639500.0;Prestação de serviços de Fornecimento de passagens Aéreas, Nacionais e Internacionais para o CBMDF | 339039
1927;CEABM;publicado com pendência;unidade_fornecimento_ausente;170394;664;7020;12000.0;Impressoras a laser de grande porte para uso coletivo | 449052
1929;GBS;publicado com pendência;unidade_fornecimento_ausente,mes_ausente;170394;665;4240;270000.0;DESENCARCERADOR TIPO FERRAMENTA COMBINADA DESENCARCERADORA A BATERIA PARA VEÍCULOS DE PORTE PESADO. Ferramenta combinada a bateria destinada a operações de corte e separação em veículos de porte pesado | 449052
1931;GPCIV;publicado com pendência;unidade_fornecimento_ausente;170394;667;7820;12000.0;INFLÁVEL FUTEBOL DE SABÃO 12,00 X 6,00(L) X 2,50(A), multicolorido, Peso máximo suportado: 500kg, Idade recomendada: a partir de 5 anos, Peso total do produto: 200 kg, Dimensões do produto (CxLxA): 12m x 6m x 2,50m | 449052
1933;DITIC;publicado com pendência;unidade_fornecimento_ausente;170394;668;5805;4000000.0;Adquisição de terminasi fiscos e móveis de radiocomunicação | 449052
1944;DIMAT;publicado com pendência;unidade_fornecimento_ausente;170394;669;3230;2230.0;Ferramentas, Máquinas e bonecas de marcenaria, Carpintaria e serralheria MAQUINA DE SOLDA, Tensão de 220V, com frequência de 50 a 60 hz, potência entre 10kVA e 11,5kVA, faixa de corrente entre 20 - 250A, diâmetro do arame de 0,8 - 1mm | 449052
1948;GBS;publicado com pendência;unidade_fornecimento_ausente,mes_ausente;170394;670;6505;1950.0;V10. Polivalente (protege contra várias viroses/bacterioses) | 339030
1949;COMAV;publicado com pendência;unidade_fornecimento_ausente;170394;671;6530;5000.0;EQUIPAMENTOS E ACESSÓRIOS PARA PEQUENA CIRURGIA | 449052
1950;DIREN;publicado com pendência;unidade_fornecimento_ausente;170394;672;9290;2500.0;LAAD Defence & Security 2027 | 339039
1961;DIMAT;publicado com pendência;unidade_fornecimento_ausente;170394;673;3230;53709.34;Ferramentas em geral FERRAMENTAS MANUAIS, compostas por 168 peças, acondicionadas em maleta para transporte | 449052
1965;GBS;publicado com pendência;unidade_fornecimento_ausente,mes_ausente;170394;674;6505;1170.0;VACINA ANTIRRÁBICA PARA CÃES. Vacina veterinária indicada para a prevenção da raiva em cães, destinada à imunização anual, conforme protocolos sanitários vigentes | 339030
1966;COMAV;publicado com pendência;unidade_fornecimento_ausente;170394;675;2330;70000.0;REBOCADOR DE AVIÕES - TUG | 449052
1967;DIREN;publicado com pendência;unidade_fornecimento_ausente;170394;676;9290;9000.0;Curso de Gestão em TIC – PMESP (Oficiais) | 339039
1978;DIMAT;publicado com pendência;unidade_fornecimento_ausente;170394;677;7110;8016.96;Móveis em geral ARMÁRIO COFRE PARA ARMAMENTO - Dimensões mínimas: 500mm (profundidade) x 600mm (largura) x 1600mm (altura). Estrutura em aço com tratamento antiferrugem, pintura eletrostática antimicrobiana | 449052
1982;GBS;publicado com pendência;unidade_fornecimento_ausente,mes_ausente;170394;678;4240;26600.1;GPS. Dispositivo GPS portátil, destinado ao rastreamento e monitoramento de localização de cães em tempo real, com funcionalidade de comunicação via satélite e integração com coleiras compatíveis. Deve apresentar alta precisão de posicionamento | 449052
1983;COMAV;publicado com pendência;unidade_fornecimento_ausente;170394;679;6530;10000.0;CUFÔMETRO | 449052
1984;DIREN;publicado com pendência;unidade_fornecimento_ausente;170394;680;9290;15000.0;Curso de Gestão em TIC – PMESP (Praças) | 339039
1995;DIMAT;publicado com pendência;unidade_fornecimento_ausente;170394;681;7110;20993.8;Móveis em geral MESA DE REUNIÃO | 449052
1999;GBS;publicado com pendência;unidade_fornecimento_ausente,mes_ausente;170394;682;4240;15809.4;ROUPA SANITÁRIA - macacão de saneamento, de mangas longas. Feito em nylon emborrachado, similar ou superior, com face em poliamida e/ou PVC, similar ou superior | 449052
2001;DIREN;publicado com pendência;unidade_fornecimento_ausente;170394;684;9290;91005.0;Qualificação de Tipo Célula AS350 B3, B3+ e H125 | 339039
2012;DIMAT;publicado com pendência;unidade_fornecimento_ausente;170394;685;7110;268480.8;Móveis em geral CADEIRA SOBRE LONGARINA, em polipropileno de (03) três lugares, sem braços. Encosto em espaldar baixo, com medidas de 470X245 mm (LXH). Assento medindo 440 X 470 mm (LXP). Cor a definir | 449052
2016;GBS;publicado com pendência;unidade_fornecimento_ausente,mes_ausente;170394;686;4240;53029.68;CORTADOR A DISCO À COMBUSTÃO. Do tipo policorte, portátil, monocilindríco. Motor 2 tempos, a combustão | 449052
2017;COMAV;publicado com pendência;unidade_fornecimento_ausente;170394;687;9290;414000.0;TREINAMENTO PARA OVN | 339039
2018;DIREN;publicado com pendência;unidade_fornecimento_ausente;170394;688;9290;47500.0;Pós-Graduação em Cloud Computing (XP Educação/IGTI) | 339039
2029;DIMAT;publicado com pendência;unidade_fornecimento_ausente;170394;689;7110;45799.92;Móveis em geral CARRINHO PARA TRANSPORTE DE CADEIRAS | 449052
2033;GBS;publicado com pendência;unidade_fornecimento_ausente,mes_ausente;170394;690;4220;45946.0;LANTERNA PORTÁTIL DE LED TIPO BASTÃO PARA MERGULHO AUTÔNOMO. Corpo compacto de alumínio anodizado de revestimento duro possuindo design ergonômico proporcionando uma aderência confortável e segura, mesmo com luvas | 449052
2034;COMAV;publicado com pendência;unidade_fornecimento_ausente;170394;691;5855;548000.0;COMPATIBILIZAÇÃO DE AERONAVE PARA OVN | 449052
2035;DIREN;publicado com pendência;unidade_fornecimento_ausente;170394;692;9290;45000.0;Pós-Graduação em Cibersegurança (PUC Minas) | 339039
2046;DIMAT;publicado com pendência;unidade_fornecimento_ausente;170394;693;7110;62700.0;Móveis em geral MESA DE REUNIÃO | 449052
2051;COMAV;publicado com pendência;unidade_fornecimento_ausente;170394;694;5855;636000.0;OCULOS DE VISAO NOTURNA NCM: 90.05.1000 ovn | 449052
2052;DIREN;publicado com pendência;unidade_fornecimento_ausente;170394;695;9290;6500.0;MBA em Cyber Security (FIAP) | 339039
2063;DIMAT;publicado com pendência;unidade_fornecimento_ausente;170394;696;7110;162000.0;Móveis em geral MESA REUNIÃO RETANGULAR III | 449052
2067;GBS;publicado com pendência;unidade_fornecimento_ausente,mes_ausente;170394;697;6505;8370.0;ECTOPARASITICIDA TÓPICO PARA CÃES (SPOT-ON). Produto veterinário do tipo pipeta antipulgas e carrapatos, indicado para cães na faixa de 25 a 40 kg, destinado ao controle e prevenção de ectoparasitas | 339030
2068;COMAV;publicado com pendência;unidade_fornecimento_ausente;170394;698;6530;4125.0;CÂNULA DE ASPIRAÇÃO RÍGIDA PARA ASPIRADOR PROCESSÁVEL | 449052
2069;DIREN;publicado com pendência;unidade_fornecimento_ausente;170394;699;9290;75000.0;Pós-Graduação em Arquitetura de Soluções (Full Cycle) | 339039
2080;DIMAT;publicado com pendência;unidade_fornecimento_ausente;170394;700;7110;19260.0;Móveis em geral MESA DE TRABALHO ANGULAR TIPO DIRETOR I | 449052
2084;GBS;publicado com pendência;unidade_fornecimento_ausente,mes_ausente;170394;701;6505;1001.0;VACINA BRONCHIGUARD (BORDETELLA) PARA CÃES. Vacina veterinária indicada para a prevenção da traqueobronquite infecciosa canina (tosse dos canis) | 339030
2085;COMAV;publicado com pendência;unidade_fornecimento_ausente;170394;702;6530;1860.0;Glicosímetro portátil | 449052
2086;DIREN;publicado com pendência;unidade_fornecimento_ausente;170394;703;9290;56880.0;Balanceamento de Rotores AS350 Séries ou H125 | 339039
2097;DIMAT;publicado com pendência;unidade_fornecimento_ausente;170394;704;7110;29844.0;Móveis em geral MESA MODULA | 449052
2101;GBS;publicado com pendência;unidade_fornecimento_ausente,mes_ausente;170394;705;4240;84000.0;MARTELO DEMOLIDOR 30KG. Equipamento para demolição pesada de lajes e pavimentos | 449052
2102;COMAV;publicado com pendência;unidade_fornecimento_ausente;170394;706;9290;675000.0;TREINAMENTO DE AVIAÇÃO AGRÍCOLA | 339039
2103;DIREN;publicado com pendência;unidade_fornecimento_ausente;170394;707;9290;45490.0;Documentação Técnica Airbus Helicopters e Noções básicas de legislações aeronáuticas | 339039
2104;COMAP;publicado com pendência;unidade_fornecimento_ausente,classe_sugerida;170394;708;5412;2647667.83;CESMA - construção galpão logístico | 449051
2105;DIMAT;publicado com pendência;unidade_fornecimento_ausente;170394;709;8316;255000.0;Serviços de reparos, instalação e manutenção de elevadores e afins Prestação de serviço de manutenção corretiva e preventiva, quantidade de mão de obra, reparos, peças, materiais de reposição, ferramentas e insumos | 339039
2110;GBS;publicado com pendência;unidade_fornecimento_ausente,mes_ausente;170394;710;4240;23550.0;CAPACETE DE SALVAMENTO. Equipamento de proteção individual destinado a operações de salvamento e resgate, proporcionando proteção, conforto e segurança ao usuário. Deve possibilitar a instalação de acessórios que ampliem sua | 449052
2112;GPCIV;publicado com pendência;unidade_fornecimento_ausente;170394;712;8970;3750.0;RAÇÃO HUMANA OPERACIONAL | 339030
2114;DITIC;publicado com pendência;unidade_fornecimento_ausente;170394;713;1411;1000000.0;Contratação de telefonia móvel | 339039
2123;DIMAT;publicado com pendência;unidade_fornecimento_ausente;170394;714;7110;378480.0;Móveis em geral MESA REBATÍVEL | 449052
2127;GBS;publicado com pendência;unidade_fornecimento_ausente,mes_ausente;170394;715;4240;4500.0;CAIXA ORGANIZADORA. Caixa organizadora confeccionada em polietileno de alta densidade (PEAD) ou polipropileno (PP), resistente a agentes químicos, destinada à utilização em viatura de salvamento. Capacidade mínima de 130 litros | 449052
2128;COMAV;publicado com pendência;unidade_fornecimento_ausente;170394;716;6530;1000.0;BOUGIE PEDIÁTRICO | 449052
2129;DIREN;publicado com pendência;unidade_fornecimento_ausente;170394;717;9290;45490.0;CURSO Operação e Manutenção de Baterias Aeronáuticas (NI-CA) | 339039
2130;DIMAT;publicado com pendência;unidade_fornecimento_ausente;170394;718;7110;251820.0;Móveis em geral MESA RETANGULAR 1 PESSOA | 449052
2134;GBS;publicado com pendência;unidade_fornecimento_ausente,mes_ausente;170394;719;7195;7500.0;"CADEIRA DOBRÁVEL, material: tubos e chapas de aço; peso aproximado: 3kg; altura do encosto: 780mm; altura do assento: 430mm; largura do assento: 355mm | 449052"
2137;DIMAT;publicado com pendência;unidade_fornecimento_ausente;170394;721;7110;1239000.0;Móveis em geral MESA DE TRABALHO ANGULAR TIPO I | 449052
2141;GBS;publicado com pendência;unidade_fornecimento_ausente,mes_ausente;170394;722;7195;7744.8;CADEIRA DOBRÁVEL - Material: Aço, tratamento antiferrugem, suporta até 120 kg, dimensões: fechado: 4 x 38 x 91 cm (CxLxA), aberto: 44 x 38 x 80 cm (CxLxA), Peso: 3,025 kg | 449052
2143;DIREN;publicado com pendência;unidade_fornecimento_ausente;170394;724;9290;2070.0;Contratação de serviços técnicos especializados de instrução de voo na aeronave Piper PA-18 do CBMDF, abrangendo a formação de pilotos nas fases de Piloto Privado de Avião (PPA) | 339039
2144;DIMAT;publicado com pendência;unidade_fornecimento_ausente;170394;725;7110;1680000.0;Móveis de madeira para escritório GAVETEIRO VOLANTE COM 3 GAVETAS , Discrição: Dimensões 400x500x650 mm (±5%), confeccionado em MDP/MDF nas cores a definir, com tampos superiores e inferiores de 25 mm | 449052
2148;GBS;publicado com pendência;unidade_fornecimento_ausente,mes_ausente;170394;726;7195;5565.0;"Mesa Dobrável, formato retangular; cor: branca; dimensões: Comprimento (71cm) X Largura (74,5cm) X Altura (72cm) | 449052"
2149;COMAV;publicado com pendência;unidade_fornecimento_ausente;170394;727;9290;75000.0;TREINAMENTO DE MANUTENÇÃO DE MOTORES LYCOMING | 339039
2150;DIREN;publicado com pendência;unidade_fornecimento_ausente;170394;728;9290;16000.0;MBA em Transformação Digital e Inovação Organizacional - UniCEUB | 339039
2151;DIMAT;publicado com pendência;unidade_fornecimento_ausente;170394;729;7110;54700.0;Móveis em geral MESA | 449052
2155;GBS;publicado com pendência;unidade_fornecimento_ausente,mes_ausente;170394;730;8115;1485.0;CAIXA ORGANIZADORA 56L. Caixa organizadora, material polipropileno, transparente, capacidade mín. de 56 L. Medidas aproximadas: 37,10 cm x 38,50 cm x 56,40 cm. Trava e tampa | 339030
2156;COMAV;publicado com pendência;unidade_fornecimento_ausente;170394;731;6530;1000.0;BOUGIE NEONATAL | 449052
2157;DIREN;publicado com pendência;unidade_fornecimento_ausente;170394;732;9290;4320.0;TEP WILDFIRE - COMANDANTES INTERMEDIARIOS - COMPACTO | 339039
2158;DIMAT;publicado com pendência;unidade_fornecimento_ausente;170394;733;7210;10071.6;Peças não incorporáveis ​​a imóveis CORTINA | 449052
2162;GBS;publicado com pendência;unidade_fornecimento_ausente,mes_ausente;170394;734;8115;1200.0;CAIXA ORGANIZADORA, 20L. Caixa Organizadora, material polipropileno, transparente, capacidade 20 L. Medidas aproximadas: 48,5 x 33 x 20 cm. Trava e tampa | 339030
2164;DIREN;publicado com pendência;unidade_fornecimento_ausente;170394;736;9290;4000.0;CURSO INVH PARA PILOTOS | 339039
2165;DIMAT;publicado com pendência;unidade_fornecimento_ausente;170394;737;4240;547136.5;Equipamento de proteção de segundo BARRACA de campanha modular NR17/2017-D Abst, de 5m de largura x 6,24m de comprimento x 2,84m de altura, conforme concepção técnica da NR 17/2017 – D Abst., na cor branca | 449052
2169;GBS;publicado com pendência;unidade_fornecimento_ausente,mes_ausente;170394;738;8115;540.0;ORGANIZADOR PLÁSTICO COM GAVETAS. Organizador plástico com gavetas, material polipropileno ou similar. Tipo: Worker ou similar | 339030
2171;DIREN;publicado com pendência;unidade_fornecimento_ausente;170394;740;9290;198510.0;MBA Cibersegurança – USP/Esalq | 339039
2172;DIMAT;publicado com pendência;unidade_fornecimento_ausente;170394;741;6720;20000.0;Equipamentos e acessórios para microfilmagem CÂMERA FILMADORA com tripé - 4K / cartão SD / Zoom 16x / Controle Remoto / Monitor LCD colorido / Wi fi / Ultra HD / Função webcam / conectividade USB / microfone e alto-falante interno e externo / | 449052
2176;GBS;publicado com pendência;unidade_fornecimento_ausente,mes_ausente,classe_sugerida,natureza_ausente;170394;742;7195;158.0;CAIXA EMPILHÁVEL C/ TAMPA 10L, cor: natural (branco) capacidade: 10 ldimensões externas aprox.: 13 x 31,4 x 45,7 cm (alt x larg x comp) | 
2178;DIREN;publicado com pendência;unidade_fornecimento_ausente;170394;744;9290;198510.0;MBA Engenharia de Software – USP/Esalq | 339039
2179;DIMAT;publicado com pendência;unidade_fornecimento_ausente;170394;745;4110;35815.5;Aparelhos e central de ar condicionado AR CONDICIONADO | 449052
2183;GBS;publicado com pendência;unidade_fornecimento_ausente,mes_ausente;170394;746;4240;27000.0;MARTELETE. De 1500w. Função perfurador e rompedor, compacto para espaços confinados | 449052
2184;COMAV;publicado com pendência;unidade_fornecimento_ausente;170394;747;1510;85000.0;EQUIPAMENTO SIMULADOR DE VOO PARA AVIÕES | 449052
2185;DIREN;publicado com pendência;unidade_fornecimento_ausente;170394;748;9290;255000.0;Pós Graduação - Sistema de Segurança Contra Incêndio em BIM | 339039
2186;DIMAT;publicado com pendência;unidade_fornecimento_ausente;170394;749;3426;1199.0;Máquinas, bonecas e equipamentos diversos FURADEIRA /PARAFUSADEIRA sem fio de 13mm, 20V + 2 baterias de 2Ah + acessórios com maleta de transporte 110V/220V. Mais | 449052
2190;GBS;publicado com pendência;unidade_fornecimento_ausente,mes_ausente;170394;750;4240;42180.6;Serra Sabre à Bateria (18V ou superior) com motor sem escovas de carvão e de velocidade variável (acionável pelo gatilho) | 449052
2191;COMAV;publicado com pendência;unidade_fornecimento_ausente;170394;751;9290;10000.0;Curso de Piloto Comercial de Helicóptero PCH | 339039
2192;DIREN;publicado com pendência;unidade_fornecimento_ausente;170394;752;9290;59000.0;Curso de capacitação - NFPA 30 - Código de Líquidos inflamáveis e combustíveis - com carga horária de 16 horas/aulas | 339039
2193;COMAP;publicado com pendência;unidade_fornecimento_ausente,classe_sugerida;170394;753;5412;4841785.46;QCG - Construção do anexo II | 449051
2194;DIMAT;publicado com pendência;unidade_fornecimento_ausente;170394;754;4610;128925.0;Máquinas, máquinas e equipamentos diversos BEBEDOURO INDUSTRIAL DE 4 TORNEIRAS com capacidade aproximada de 200 litros por hora (400 pessoas/h aprox.) e certificado pelo INMETRO. Armazenamento de água gelada: de 200 litros | 449052
2199;GBS;publicado com pendência;unidade_fornecimento_ausente,mes_ausente;170394;755;4220;86666.66;CONJUNTO PARA COMUNICAÇÃO SUBAQUÁTICA (MERGULHO). Kit contendo 1 (um) sistema de comunicação de superfície, 2 (duas) máscaras full face e 2 (dois) sistemas de comunicação da máscara | 449052
2200;COMAV;publicado com pendência;unidade_fornecimento_ausente;170394;756;4920;1725324.24;FERRAMENTAS PARA HOMOLOGAÇÃO DA OFICINA DO COMAV | 449052
2201;GPCIV;publicado com pendência;unidade_fornecimento_ausente;170394;757;8340;450.0;TENDA sanfonada 6 metros (comprimento) X 3 metros (largura), com estrutura em aço carbono com tratamento antiferrugem com quatro travas superiores de segurança para travamento quando aberta, e quatro travas para regulagem de altura | 339030
2203;DITIC;publicado com pendência;unidade_fornecimento_ausente;170394;758;1411;1000000.0;Contrtação de telefonia fixa (VoiP) | 339039
2204;DIMAT;publicado com pendência;unidade_fornecimento_ausente;170394;759;7110;36800.0;Móveis em geral BAIA PARA ESTUDO DUPLA | 449052
2208;GBS;publicado com pendência;unidade_fornecimento_ausente,mes_ausente;170394;760;4220;20174.2;FLUTUADOR DE USO PESSOAL. Salvamento Life Belt. Capacidade de 100 a 130kg. Material: espuma, célula de plástico fechado, tipo EVA, espuma expandida microporosa de SBR | 449052
2209;COMAV;publicado com pendência;unidade_fornecimento_ausente;170394;761;9290;27200.0;Pós-graduação em Enfermagem Aeroespacial | 339039
2210;DIREN;publicado com pendência;unidade_fornecimento_ausente;170394;762;9290;19250.0;Análise da Execução Orçamentária e Financeira com Inteligência Artificial | 339039
2211;DIMAT;publicado com pendência;unidade_fornecimento_ausente,classe_sugerida,natureza_ausente;170394;763;7110;201000.0;Móveis em geral POLTRONA GIRATÓRIA TIPO ESTADO-MAIOR | 
2215;GBS;publicado com pendência;unidade_fornecimento_ausente,mes_ausente;170394;764;4220;150000.0;NADADEIRA PARA MERGULHO AUTÔNOMO – TIPO ABERTA. Dimensões: aproximadamente 55 cm comprimento x 25cm largura podendo possuir variação máxima de 3% a maior ou menor. Flutuabilidade neutra | 449052
2216;COMAV;publicado com pendência;unidade_fornecimento_ausente;170394;765;6530;30000.0;PAPEL DE ELETROCARDIOGRAMA | 449052
2217;DIREN;publicado com pendência;unidade_fornecimento_ausente;170394;766;9290;23320.0;ATCN® – Advanced Trauma Care for Nurses | 339039
2218;DIMAT;publicado com pendência;unidade_fornecimento_ausente;170394;767;7110;300150.0;Móveis em geral POLTRONA REUNIÃO TIPO COMANDO | 449052
2222;GBS;publicado com pendência;unidade_fornecimento_ausente,mes_ausente;170394;768;4220;5496.0;BÚSSOLA SUBMERSSÍVEL. Deve possuir disco magnético que se movimenta para todas as direções, de forma que a leitura permaneça precisa ainda que o equipamento não esteja perfeitamente nivelado | 449052
2223;COMAV;publicado com pendência;unidade_fornecimento_ausente;170394;769;9290;16000.0;Curso de Transporte de Recém-Nascido de Alto Risco | 339039
2224;DIREN;publicado com pendência;unidade_fornecimento_ausente;170394;770;9290;90000.0;Curso de Formação de Instrutores em SIMULAÇÃO REALÍSTICA | 339039
2225;DIMAT;publicado com pendência;unidade_fornecimento_ausente;170394;771;7110;2112000.0;Móveis em geral SUPORTE ARTICULADO DUPLO E TRIPLO | 449052
2229;GBS;publicado com pendência;unidade_fornecimento_ausente,mes_ausente;170394;772;4240;10953.0;COLEIRA COMPATÍVEL COM GPS. Coleira compatível com dispositivos GPS e destinados ao monitoramento e rastreamento de cães. Devem ser resistentes | 449052
2230;COMAV;publicado com pendência;unidade_fornecimento_ausente;170394;773;9290;10000.0;Curso de Instrutor de Voo de Helicóptero INVH | 339039
2232;DIMAT;publicado com pendência;unidade_fornecimento_ausente;170394;774;7110;35640.0;Móveis em geral MESA DE REUNIÃO REDONDA | 449052
2236;GBS;publicado com pendência;unidade_fornecimento_ausente,mes_ausente;170394;775;6505;2790.0;ECTOPARASITICIDA TÓPICO PARA CÃES (SPOT-ON). Produto veterinário do tipo pipeta antipulgas e carrapatos, indicado para cães na faixa de 40 a 67 kg, destinado ao controle e prevenção de ectoparasitas | 339030
2238;DIREN;publicado com pendência;unidade_fornecimento_ausente;170394;777;9290;10000.0;7º CONGRESSO AEROMÉDICO – CONAER | 339039
2239;DIMAT;publicado com pendência;unidade_fornecimento_ausente;170394;778;7110;346800.0;Móveis em geral BANCADA DE MANUTENÇÃO | 449052
2243;GBS;publicado com pendência;unidade_fornecimento_ausente,mes_ausente;170394;779;4240;18000.0;ROMPEDOR. Equipamento compacto para demolição leve em áreas de difícil acesso | 449052
2245;DIREN;publicado com pendência;unidade_fornecimento_ausente;170394;781;9290;10000.0;CONABRAERO (Congresso Nacional da Associação Brasileira de Enfermagem Aeroespacial) | 339039
2246;DIMAT;publicado com pendência;unidade_fornecimento_ausente;170394;782;7110;39839.76;Móveis em geral MESA MODULAR EM AÇO, Com altura total de 660 mm, dotada de tampo retangular com bordas arredondadas, medindo no mínimo 550 mm de profundidade e 340 mm de largura | 449052
2250;GBS;publicado com pendência;unidade_fornecimento_ausente,mes_ausente;170394;783;4240;12268.2;CORTADOR A DISCO À BATERIA (ESMERILHADEIRA). Ferramenta elétrica portátil à bateria, destinada a operações de corte e desbaste, com motor de alto desempenho e tecnologia sem escovas de carvão. Deve apresentar potência superior a 1.050W | 449052
2252;DIREN;publicado com pendência;unidade_fornecimento_ausente;170394;785;9290;48000.0;SATShow 2027 (SATELLITE x GovMilSpace) | 339039
2253;DIMAT;publicado com pendência;unidade_fornecimento_ausente;170394;786;7110;184800.0;Móveis em geral SOFÁ MODULAR RETO - Sofá modular reto individual (01 lugar), com estrutura em tubo de aço carbono com pintura eletrostática na cor a definir, assento e encosto em espuma de poliuretano de alta densidade sobre chassi multilaminado | 449052
2257;GBS;publicado com pendência;unidade_fornecimento_ausente,mes_ausente;170394;787;4220;70420.0;"Roupa de Mergulho (tipo úmida de neoprene) Sheico L-Foam duplo nylon; com 3mm a 4,3mm de espessura, corte anatômico | 449052"
2259;DIREN;publicado com pendência;unidade_fornecimento_ausente;170394;789;9290;4000.0;Futurecom 2026 | 339039
2260;DIMAT;publicado com pendência;unidade_fornecimento_ausente;170394;790;7110;49740.0;Móveis em geral ARMÁRIO DE AÇO CLAVICULÁRIO | 449052
2264;GBS;publicado com pendência;unidade_fornecimento_ausente,mes_ausente;170394;791;6530;150.0;COMEDOURO RETRÁTIL PARA CÃES. Comedouro tipo leve, material silicone resistente, atóxico e inodoro, retrátil | 449052
2266;DIREN;publicado com pendência;unidade_fornecimento_ausente;170394;793;9290;6600.0;Seminário de Atualização em Jurisprudência de pessoa dos Tribunais Superiores | 339039
2267;DIMAT;publicado com pendência;unidade_fornecimento_ausente;170394;794;7110;68934.66;Móveis em geral MESA RETANGULAR PROFESSOR | 449052
2271;GBS;publicado com pendência;unidade_fornecimento_ausente,mes_ausente;170394;795;4240;9388.26;GPS. Dispositivo que permite acompanhar a localização de cães em tempo real e visualizar seus movimentos por meio de aplicativo em smartphone compatível. Deve oferecer conectividade LTE com cobertura de rede adequada | 449052
2272;COMAV;publicado com pendência;unidade_fornecimento_ausente;170394;796;9290;20800.0;Advanced Trauma Care for Nurses (ATCN) | 339039
2273;DIREN;publicado com pendência;unidade_fornecimento_ausente;170394;797;9290;7500.0;PGConf.Brasil 2027 | 339039
2274;COMAP;publicado com pendência;unidade_fornecimento_ausente,classe_sugerida;170394;798;5412;3200615.93;42º GBMConstrução - Pôr do Sol/Sol Nascente (Tipo C) | 449051
2275;DIMAT;publicado com pendência;unidade_fornecimento_ausente;170394;799;1112;109100.0;Aquisição Licença de Software Contratação de empresa especializada para o Completo de Banco de Preços, com validade de 12 (doze) meses, por meio do acesso monousuário mediante login e senha para cada acesso | 339039
2280;GBS;publicado com pendência;unidade_fornecimento_ausente;170394;800;4240;1050000.0;LUVA PARA SALVAMENTO VEICULAR. Luva de proteção com cinco dedos, destinada a operações de resgate veicular, proporcionando conforto, flexibilidade e respirabilidade ao usuário. Deve oferecer elevada resistência à abrasão, cortes | 449052
2281;COMAV;publicado com pendência;unidade_fornecimento_ausente;170394;801;8729;16734967.06;MANUTENÇÃO PEÇAS E SERVIÇO AERONAVE KING AIR B200 | 339039
2282;GPCIV;publicado com pendência;unidade_fornecimento_ausente;170394;802;8530;6500.0;Kit acolhimento e calamidades, contendo sabonete, shampoo, escova de dente, creme dental, condicionador. Objetivo fornecer kit acolhimento que compõe itens de higiene pessoal e limpeza, para usuários em primeira acolhida nos serviços institucionais | 339030
2283;DIREN;publicado com pendência;unidade_fornecimento_ausente;170394;803;9290;450000.0;Grand Caravan 208B EX / PT6A - Treinamento EUA | 339039
2284;DITIC;publicado com pendência;unidade_fornecimento_ausente;170394;804;1414;2700000.0;Ampliar e modernizar a infraestrutura de rede, incluindo a elaboração de projeto de cabeamento estruturado, aquisição de equipamentos, para todas as unidades do CBMDF e implementação de solução de comunicação satelital | 339039
2285;DIMAT;publicado com pendência;unidade_fornecimento_ausente;170394;805;2320;47520.0;Veículos diversos CARRINHO | 449052
2289;GBS;publicado com pendência;unidade_fornecimento_ausente;170394;806;4240;141600.0;FREIO OITO DE RESGATE modelo grande, com orelhas de segurança, adequado para uso em atividades de salvamento em altura. Deve ser compatível com cordas de diferentes diâmetros, apresentar elevada resistência mecânica | 449052
2290;COMAV;publicado com pendência;unidade_fornecimento_ausente;170394;807;9290;225000.0;Curso Prático de Emergências para Pilotos de Helicópteros | 339039
2291;DIREN;publicado com pendência;unidade_fornecimento_ausente;170394;808;9290;9000.0;Adm. PostgreSQL com Alta Disponibilidade (4Linux) | 339039
2292;DIMAT;publicado com pendência;unidade_fornecimento_ausente;170394;809;7110;126060.0;Móveis em geral POLTRONA ALTA | 449052
2296;GBS;publicado com pendência;unidade_fornecimento_ausente,mes_ausente;170394;810;4240;32500.0;CORDELETE. Com diâmetro de 8mm. Unidade: metro. Deverá ser fornecida em bobinas com 100 metros de corda | 449052
2298;DIREN;publicado com pendência;unidade_fornecimento_ausente;170394;812;9290;16000.0;Preparatório LPIC-1 – Linux Administrator (4Linux) | 339039
2299;DIMAT;publicado com pendência;unidade_fornecimento_ausente;170394;813;7110;68400.0;Móveis em geral MESA RETANGULAR DE REFEITÓRIO II | 449052
2303;GBS;publicado com pendência;unidade_fornecimento_ausente,mes_ausente;170394;814;4240;28200.3;ESCADA PROLONGÁVEL. O comprimento deverá ser ajustável e constituído por duas partes, uma fixa e outra móvel | 449052
2304;COMAV;publicado com pendência;unidade_fornecimento_ausente;170394;815;9290;70000.0;Point of Care Ultrasound (POCUS) | 339039
2305;DIREN;publicado com pendência;unidade_fornecimento_ausente;170394;816;9290;22500.0;Administração de Containers Docker (4Linux) | 339039
2306;DIMAT;publicado com pendência;unidade_fornecimento_ausente;170394;817;7110;105000.0;Móveis escolares CADEIRA UNIVERSITÁRIA FIXA | 449052
2311;COMAV;publicado com pendência;unidade_fornecimento_ausente;170394;818;9290;37500.0;Mecânico Célula Reciclagem AS350 B3, B3+ e H125 | 339039
2312;DIREN;publicado com pendência;unidade_fornecimento_ausente;170394;819;9290;14400.0;Curso de AutoCAD e Revit | 339039
2313;DIMAT;publicado com pendência;unidade_fornecimento_ausente;170394;820;7920;360.0;Artigos e utensílios para limpeza Esponja limpeza, material: espuma de poliéster ou nylon, apresentação: dupla face (macia e áspera),dimensões aproximadas: 110 x 75 x 20mm (c x l x a) | 339030
2319;DIREN;publicado com pendência;unidade_fornecimento_ausente;170394;822;9290;32500.0;Especialização em Containers, Docker e Kubernetes (4Linux) | 339039
2324;GBS;publicado com pendência;unidade_fornecimento_ausente,mes_ausente;170394;824;4240;5000.0;COLETE DE CÃES PARA ALTURA. Colete destinado à utilização de cães em atividades em altura, confeccionado em material resistente, com costuras reforçadas e alças ajustáveis para adequada fixação ao animal. Deve possuir sistema seguro de fechamento | 449052
2325;COMAV;publicado com pendência;unidade_fornecimento_ausente;170394;825;9290;69800.0;Pre Hospital Trauma Life Support (PHTLS) | 339039
2326;DIREN;publicado com pendência;unidade_fornecimento_ausente;170394;826;9290;27500.0;Kubernetes Administrator (CKA) (4Linux) | 339039
2331;GBS;publicado com pendência;unidade_fornecimento_ausente,mes_ausente;170394;828;6910;950.0;GUIA RETRÁTIL. Guia retrátil, confeccionada em nylon | 339030
2332;COMAV;publicado com pendência;unidade_fornecimento_ausente;170394;829;9290;91000.0;Qualificação de Tipo Célula AS350 B3, B3+ e H125 | 339039
2333;DIREN;publicado com pendência;unidade_fornecimento_ausente;170394;830;9290;22500.0;Segurança em Servidores Linux (4Linux) | 339039
2334;DIMAT;publicado com pendência;unidade_fornecimento_ausente;170394;831;7920;10110.24;Artigos e utensílios para limpeza Cesto para lixo, material: metal aramado, capacidade: 40 l | 339030
2338;GBS;publicado com pendência;unidade_fornecimento_ausente,mes_ausente;170394;832;7920;600.0;PÁ COLETORA DE DEJETOS CANINOS. Pá de uso profissional, em alumínio com dois cabos de, no mínimo, 80 cm de comprimento e, no mínimo, 7x8 cm de diâmetro | 339030
2339;COMAV;publicado com pendência;unidade_fornecimento_ausente;170394;833;9290;43800.0;Pediatric Advanced Life Support (PALS) | 339039
2340;DIREN;publicado com pendência;unidade_fornecimento_ausente;170394;834;9290;20000.0;DevSecOps (FIAP) | 339039
2345;GBS;publicado com pendência;unidade_fornecimento_ausente,mes_ausente;170394;836;6505;2200.0;"VERMÍFUGO. Com princípio ativo a base de Febantel, Pamoato de Pirantel e Prazinquantel, com palatabilizante e dosagem total para cão adulto entre 20 a 40 Kg (""Drontal plus"" ou similar) | 339030"
2346;COMAV;publicado com pendência;unidade_fornecimento_ausente;170394;837;9290;45000.0;Inspeção de Pás do rotor principal e rotor de cauda AS350/H125 | 339039
2347;DIREN;publicado com pendência;unidade_fornecimento_ausente;170394;838;9290;22500.0;Observabilidade com Grafana, Prometheus e Loki (4Linux) | 339039
2352;GBS;publicado com pendência;unidade_fornecimento_ausente,mes_ausente;170394;840;6505;930.0;ECTOPARASITICIDA TÓPICO PARA CÃES (SPOT-ON). Produto veterinário do tipo pipeta antipulgas e carrapatos, indicado para cães na faixa de 10 a 25 kg, para controle e prevenção de ectoparasitas | 339030
2353;COMAV;publicado com pendência;unidade_fornecimento_ausente;170394;841;9290;33800.0;Advanced Cardiologic Life Support (ACLS) | 339039
2354;DIREN;publicado com pendência;unidade_fornecimento_ausente;170394;842;9290;60000.0;Pós-Tech DevOps e Cloud Computing (FIAP) | 339039
2355;COMAP;publicado com pendência;unidade_fornecimento_ausente,classe_sugerida;170394;843;5412;3085000.0;40º GBM - Construção - Vila Estrutural (Tipo C) | 449051
2356;DIMAT;publicado com pendência;unidade_fornecimento_ausente;170394;844;9290;71800.0;Serviços de instrução e orientação profissional CURSO de elaboração e fabricação de Termo de Referência (TR) e Estudos Técnicos Preliminares (ETP) de acordo com a nova Lei de Licitações nº 14.133/2021 | 339039
2361;GBS;publicado com pendência;unidade_fornecimento_ausente,mes_ausente;170394;845;4240;171760.0;VISEIRA FULL FACE PARA CAPACETE DE SALVAMENTO. Equipamento de proteção individual destinado à proteção integral da face e dos olhos, devendo ser adequado e compatível com o capacete de salvamento. Deve oferecer boa visibilidade | 449052
2362;COMAV;publicado com pendência;unidade_fornecimento_ausente;170394;846;8729;3277761.2;MANUTENÇÃO PEÇAS E SERVIÇO AERONAVE PA 18 | 339039
2363;GPCIV;publicado com pendência;unidade_fornecimento_ausente;170394;847;5935;2000.0;EXTENSÃO em fio paralelo, quantidade condutores: 2, bitola: 1,5mm², comprimento: 10m | 339030
2364;DIREN;publicado com pendência;unidade_fornecimento_ausente;170394;848;9290;153000.0;Contratação de empresa especializada em ministrar treinamentos teórico e treinamento prático em simulador de voo em aeronave Air Tractor 802F | 339039
2365;DITIC;publicado com pendência;unidade_fornecimento_ausente;170394;849;7080;423480.0;Aquisição de Access Points (rede sem fio) | 449052
5;GAEPH;publicado com pendência;unidade_fornecimento_ausente;170495;3;6530;3159.52;Conector tipo bico para oxigênio medicinal, destinado à ligação segura entre fonte de oxigênio e dispositivos de administração respiratória, confeccionado em material resistente e compatível com sistemas de oxigenoterapia | 449052
12;GAEPH;publicado com pendência;unidade_fornecimento_ausente;170495;6;6530;21106.0;Frasco aspirador tipo Venturi para oxigenoterapia, confeccionado em material plástico resistente, destinado à administração controlada de oxigênio por meio de sistema Venturi | 449052
19;GAEPH;publicado com pendência;unidade_fornecimento_ausente;170495;9;6530;1998.0;Frasco coletor para aspiração de secreções, confeccionado em vidro resistente, reutilizável e compatível com sistemas de sucção hospitalar | 449052
33;GAEPH;publicado com pendência;unidade_fornecimento_ausente;170495;15;6530;360.0;Seringa descartável de 1 mL, estéril, com ou sem agulha, destinada à administração de medicamentos e procedimentos. (pacote com 12unid) | 449052
40;GAEPH;publicado com pendência;unidade_fornecimento_ausente;170495;18;6530;2880.0;Seringa descartável de 10 mL, estéril, com ou sem agulha, destinada à administração de medicamentos e procedimentos. (pacote com 250 unid) | 449052
47;GAEPH;publicado com pendência;unidade_fornecimento_ausente;170495;21;6530;5460.0;Seringa descartável de 20 mL, estéril, com ou sem agulha, destinada à administração de medicamentos e procedimentos. (pacote com 250 unid) | 449052
54;GAEPH;publicado com pendência;unidade_fornecimento_ausente;170495;24;6530;1140.0;Seringa descartável de 3 mL, estéril, com ou sem agulha, destinada à administração de medicamentos e procedimentos. (pacote com 100 unid) | 449052
61;GAEPH;publicado com pendência;unidade_fornecimento_ausente;170495;27;6530;1225.0;Seringa descartável de 5 mL, estéril, com ou sem agulha, destinada à administração de medicamentos e procedimentos. (pacote com 100 unid) | 449052
68;GAEPH;publicado com pendência;unidade_fornecimento_ausente;170495;30;6530;6800.0;Tirante aranha, conjunto de contenção e imobilização para resgate, confeccionado em material resistente e ajustável | 449052
74;CEMEV;publicado com pendência;unidade_fornecimento_ausente;170495;31;8715;1300000.0;Prestação de serviços de manutenções preventiva e corretiva e fornecimento de peças genuínas/originais para compressores de alta pressão da marca BAUER, modelo DMT 10 | 339039
76;POMED;publicado com pendência;unidade_fornecimento_ausente;170495;33;6515;3720.0;Sensor para monitorização do índice biespectral (BIS): sensor descartável para captação de sinais eletroencefalográficos (EEG) frontais | 449052
86;GAEPH;publicado com pendência;unidade_fornecimento_ausente;170495;37;6530;42280.0;Tirante solteiro, cinta de fixação individual para imobilização e transporte de pacientes, confeccionada em material resistente | 449052
93;GAEPH;publicado com pendência;unidade_fornecimento_ausente;170495;40;4230;5462.64;Avental branco em PVC, impermeável, destinado à proteção do usuário em atividades de limpeza e higienização | 449052
100;GAEPH;publicado com pendência;unidade_fornecimento_ausente;170495;43;4230;93.78;Balde preto, capacidade de 12 L, confeccionado em material resistente, para uso geral | 449052
107;GAEPH;publicado com pendência;unidade_fornecimento_ausente;170495;46;4230;293.4;Borrifador tipo galão, recipiente pulverizador de maior capacidade, destinado à | 449052
114;GAEPH;publicado com pendência;unidade_fornecimento_ausente;170495;49;8115;44.0;Caixa organizadora com tampa, capacidade de 20 L, confeccionada em material plástico resistente | 339030
121;GAEPH;publicado com pendência;unidade_fornecimento_ausente;170495;52;8115;65.0;Caixa organizadora com tampa, capacidade de 50 L, confeccionada em material plástico resistente | 339030
128;GAEPH;publicado com pendência;unidade_fornecimento_ausente;170495;55;4230;440.0;Capote descartável, confeccionado em material resistente, destinado à proteção individual em procedimentos e atividades de limpeza. (pacote com 100 unid) | 449052
135;GAEPH;publicado com pendência;unidade_fornecimento_ausente;170495;58;7920;2112.0;Esponja para limpeza, material abrasivo ou macio | 339030
142;GAEPH;publicado com pendência;unidade_fornecimento_ausente;170495;61;7920;3168.0;Fibra de limpeza pesada, material abrasivo destinado à remoção de sujidades difíceis em superfícies laváveis | 339030
149;GAEPH;publicado com pendência;unidade_fornecimento_ausente;170495;64;8465;24035.0;Filtro HEPA, elemento filtrante de alta eficiência para retenção de partículas, utilizado em sistemas de ventilação ou purificação | 339030
155;CEMEV;publicado com pendência;unidade_fornecimento_ausente;170495;65;7930;237311.87;Aquisição de materiais para pintura e serigrafia das viaturas operacionais do CBMDF | 339030
157;POMED;publicado com pendência;unidade_fornecimento_ausente;170495;67;8599;3850000.0;(34761)Aquisição Licença de Software, Contratação de plataforma de solução integrada de promoção da saúde integral e bem-estar, acesso à rede de academias credenciadas no país, aplicativos de autocuidado (sono, saúde mental, finanças) | 339039
167;GAEPH;publicado com pendência;unidade_fornecimento_ausente;170495;71;4230;7200.0;Macacão para limpeza descartável, confeccionado em material de proteção, destinado ao uso único em atividades de limpeza | 449052
174;GAEPH;publicado com pendência;unidade_fornecimento_ausente;170495;74;4230;360.0;Macacão para limpeza reutilizável, confeccionado em material resistente e lavável, destinado à proteção durante atividades de limpeza | 449052
181;GAEPH;publicado com pendência;unidade_fornecimento_ausente;170495;77;4230;26352.0;Pano multiuso branco, tipo flanela, medindo 60 x 40 cm, destinado à limpeza geral de superfícies | 449052
188;GAEPH;publicado com pendência;unidade_fornecimento_ausente;170495;80;4230;80976.0;Touca descartável, confeccionada em material leve e hipoalergênico, destinada à proteção e contenção dos cabelos em atividades de limpeza e procedimentos | 449052
195;GAEPH;publicado com pendência;unidade_fornecimento_ausente;170495;83;6140;1500.0;CARREGADOR DE PILHA PARA 9V | 339030
202;GAEPH;publicado com pendência;unidade_fornecimento_ausente;170495;86;8415;4500.0;CONTRATO DE MAQUIAGEM PARA SIMULAÇÃO REALÍSTICA | 339030
209;GAEPH;publicado com pendência;unidade_fornecimento_ausente;170495;89;6530;187500.0;DEA DE TREINAMENTO | 449052
216;GAEPH;publicado com pendência;unidade_fornecimento_ausente;170495;92;7690;14000.0;PHTLS - ATENDIMENTO PRÉ-HOSPITALAR AO TRAUMATIZADO | 339030
236;CEMEV;publicado com pendência;unidade_fornecimento_ausente;170495;99;4910;215336.47;Aquisição de ferramental para as oficinas do CEMEV | 449052
238;POMED;publicado com pendência;unidade_fornecimento_ausente;170495;101;6530;18000.0;Aparelho de Biofeedback p/Fisioterapia Pélvica | 449052
248;GAEPH;publicado com pendência;unidade_fornecimento_ausente;170495;105;6530;1134.0;Sonda nasogástrica nº 12, estéril, descartável, indicada para introdução por via nasal no trato digestivo. (pacote com 20 unid) | 449052
255;GAEPH;publicado com pendência;unidade_fornecimento_ausente;170495;108;6530;1134.0;Sonda nasogástrica nº 14, estéril, descartável, indicada para introdução por via nasal no trato digestivo.(pacote com 20 unid) | 449052
262;GAEPH;publicado com pendência;unidade_fornecimento_ausente;170495;111;6530;588.0;Sonda nasogástrica nº 16, estéril, descartável, indicada para introdução por via nasal no trato digestivo. (pacote com 20 unid) | 449052
269;GAEPH;publicado com pendência;unidade_fornecimento_ausente;170495;114;6530;1050.0;Sonda nasogástrica nº 18, estéril, descartável, indicada para introdução por via nasal no trato digestivo. (pacote com 20 unid) | 449052
276;GAEPH;publicado com pendência;unidade_fornecimento_ausente;170495;117;6530;798.0;Sonda nasogástrica nº 20, estéril, descartável, indicada para introdução por via nasal no trato digestivo. (pacote com 20 unid) | 449052
283;GAEPH;publicado com pendência;unidade_fornecimento_ausente;170495;120;6530;1134.0;Sonda nasogástrica nº 6, estéril, descartável, indicada para introdução por via nasal no trato digestivo. (pacote com 20 unid) | 449052
290;GAEPH;publicado com pendência;unidade_fornecimento_ausente;170495;123;6530;630.0;Sonda nasogástrica nº 8, estéril, descartável, indicada para introdução por via nasal no trato digestivo. (pacote com 20 unid) | 449052
297;GAEPH;publicado com pendência;unidade_fornecimento_ausente;170495;126;6530;300.0;Sonda para aspiração traqueal nº 12, estéril, descartável, destinada à aspiração de secreções das vias aéreas | 449052
304;GAEPH;publicado com pendência;unidade_fornecimento_ausente;170495;129;6530;300.0;Sonda para aspiração traqueal nº 8, estéril, descartável, destinada à aspiração de secreções das vias aéreas | 449052
310;POMED;publicado com pendência;unidade_fornecimento_ausente;170495;131;6515;1499.34;Conjunto de estiletes maleáveis | 449052
311;GAEPH;publicado com pendência;unidade_fornecimento_ausente;170495;132;6530;50.0;Sonda para aspiração traqueal nº 10, estéril, descartável, destinada à aspiração de secreções das vias aéreas | 449052
317;CEMEV;publicado com pendência;unidade_fornecimento_ausente;170495;133;1821;37810.5;Contratação de serviço de acesso a plataformas digitais e bancos de dados especializados em informações técnicas automotivas, peças, serviços, diagnóstico e manutenção veicular | 339039
328;POMED;publicado com pendência;unidade_fornecimento_ausente;170495;138;6515;903.04;Estojo de inox perfurado, Tamanho: 26x12x06 CM, Material: Aço Inoxidável | 449052
329;GAEPH;publicado com pendência;unidade_fornecimento_ausente;170495;139;6530;300.0;Sonda para aspiração traqueal nº 14, estéril, descartável, destinada à aspiração de secreções das vias aéreas | 449052
335;POMED;publicado com pendência;unidade_fornecimento_ausente;170495;141;6515;5216.8;Porta espéculo CM, Material: Aço Inoxidável, Esterilidade: Esterilizável Holder, Modelo: Porta Espéculo De Holder Tipo: Braço Articulado, Comprimento Total: 30 | 449052
336;GAEPH;publicado com pendência;unidade_fornecimento_ausente;170495;142;6530;300.0;Sonda para aspiração traqueal nº 4, estéril, descartável, destinada à aspiração de secreções das vias aéreas | 449052
342;POMED;publicado com pendência;unidade_fornecimento_ausente;170495;144;6505;5000.0;Aquisição de Medicações e Insumos para tratamento de varizes | 339030
343;GAEPH;publicado com pendência;unidade_fornecimento_ausente;170495;145;6530;650.0;Sonda para aspiração traqueal nº 6, estéril, descartável, destinada à aspiração de secreções das vias aéreas | 449052
349;POMED;publicado com pendência;unidade_fornecimento_ausente;170495;147;9311;16849.0;(34538) Serviços de manutenção, instalação e conservação de equipamentos médico-hospitalares, odontológicos e laboratoriais, Serviço de manutenção corretiva e preventiva de Esteiras Ergométricas. Testes de esteira | 339039
350;GAEPH;publicado com pendência;unidade_fornecimento_ausente;170495;148;6530;621.0;Sonda uretral nº 10, estéril, descartável, destinada à cateterização e drenagem urinária.(pacote com 20 unid) | 449052
356;POMED;publicado com pendência;unidade_fornecimento_ausente;170495;150;6515;90518.0;(34784) Aquisição Aparelhos e utensílios hospitalares, GARROTE PNEUMÁTICO CIRÚRGICO | 449052
357;GAEPH;publicado com pendência;unidade_fornecimento_ausente;170495;151;6530;46.0;Sonda uretral nº 12, estéril, descartável, destinada à cateterização e drenagem urinária.(pacote com 20 unid) | 449052
363;POMED;publicado com pendência;unidade_fornecimento_ausente;170495;153;8599;240000.0;(34839)Contratação de empresa especializada para a prestação de serviços contínuos de Engenharia Clínica, compreendendo a gestão, manutenção preventiva, corretiva e preditiva, calibração, testes de segurança elétrica e funcional | 339039
364;GAEPH;publicado com pendência;unidade_fornecimento_ausente;170495;154;6530;207.0;Sonda uretral nº 14, estéril, descartável, destinada à cateterização e drenagem urinária.(pacote com 20 unid) | 449052
370;POMED;publicado com pendência;unidade_fornecimento_ausente;170495;156;8599;199999.9;(34490) Serviços médico-hospitalar, SERVIÇO. COMODATO . Sistema de endolaser vascular. Equipamento de laser para cirurgias de varizes | 339039
371;GAEPH;publicado com pendência;unidade_fornecimento_ausente;170495;157;6530;598.0;Sonda uretral nº 16, estéril, descartável, destinada à cateterização e drenagem urinária.(pacote com 20 unid) | 449052
377;POMED;publicado com pendência;unidade_fornecimento_ausente;170495;159;6515;220000.0;(36234) FIBRA ÓTICA CIRÚRGICA DESCARTÁVEL DE USO ÚNICO PARA TERMOABLAÇÃO ENDOVENOSA - operante no comprimento de onda de 1470 nm | 449052
378;GAEPH;publicado com pendência;unidade_fornecimento_ausente;170495;160;6530;161.0;Sonda uretral nº 4, estéril, descartável, destinada à cateterização e drenagem urinária. (pacote com 20 unid) | 449052
384;POMED;publicado com pendência;unidade_fornecimento_ausente;170495;162;6515;312000.0;(36235)Equipamentos em geral para uso em hospitais, clínicas médicas-odontológicas e laboratoriais, EQUIPAMENTO GERADOR DE LASER - Sistema Gerador de Laser de Diodo para Termoablação Venosa Endovascular | 449052
385;GAEPH;publicado com pendência;unidade_fornecimento_ausente;170495;163;6530;253.0;Sonda uretral nº 6, estéril, descartável, destinada à cateterização e drenagem urinária.(pacote com 20 unid) | 449052
391;POMED;publicado com pendência;unidade_fornecimento_ausente;170495;165;6515;1200.0;(34696)Caixas térmicas para transporte de termolábeis (vacinas, medicamentos, amostras). Recipientes rígidos com isolamento térmico em poliuretano ou poliestireno, projetadas para manter a temperatura interna estável | 449052
392;GAEPH;publicado com pendência;unidade_fornecimento_ausente;170495;166;6530;621.0;Sonda uretral nº 8, estéril, descartável, destinada à cateterização e drenagem urinária. (pacote com 20 unid) | 449052
398;CEMEV;publicado com pendência;unidade_fornecimento_ausente;170495;167;5999;52000.0;Aquisição de equipamento de diagnóstico eletrônico automotivo, destinado à manutenção preventiva e corretiva da frota veicular do CBMDF | 339030
409;POMED;publicado com pendência;unidade_fornecimento_ausente;170495;172;7195;250000.0;Aquisição de mobiliário | 449052
410;GAEPH;publicado com pendência;unidade_fornecimento_ausente;170495;173;3510;1000.0;Tanquinho para lavagem de roupas, capacidade mínima de 10 kg, com sistema semiautomático de lavagem, estrutura resistente e destinado à higienização de roupas e tecidos em geral | 449052
416;POMED;publicado com pendência;unidade_fornecimento_ausente;170495;175;8599;60000.0;(35657) Software de gestão para consultórios e clínicas que oferece recursos únicos para a prescrição de exercícios | 339039
417;GAEPH;publicado com pendência;unidade_fornecimento_ausente;170495;176;6530;30000.0;ESTETOSCÓPIO | 449052
424;GAEPH;publicado com pendência;unidade_fornecimento_ausente;170495;179;6530;3694.0;Cateter nasal tipo óculos para oxigenoterapia em pacientes pediátricos, confeccionado em material flexível e atóxico, com pronga nasal anatômica adaptada ao público infantil, destinado à administração de oxigênio medicinal | 449052
431;GAEPH;publicado com pendência;unidade_fornecimento_ausente;170495;182;6530;1497.5;Dispositivo para infusão intravenosa tipo escalpe, calibre nº 19G, descartável, estéril, com agulha siliconizada em aço inoxidável, bisel trifacetado, asas flexíveis para empunhadura e fixação, tubo extensor transparente e flexível | 449052
438;GAEPH;publicado com pendência;unidade_fornecimento_ausente;170495;185;6530;2958.0;Dispositivo para infusão intravenosa tipo escalpe, calibre nº 21G, descartável, estéril, com agulha siliconizada em aço inoxidável, bisel trifacetado, asas flexíveis para empunhadura e fixação, tubo extensor transparente e flexível | 449052
445;GAEPH;publicado com pendência;unidade_fornecimento_ausente;170495;188;6530;2994.0;Instrumental e utensílios para uso em hospitais e ambulatórios, ESCALPE | 449052
452;GAEPH;publicado com pendência;unidade_fornecimento_ausente;170495;191;6530;1156.0;Dispositivo para infusão intravenosa tipo escalpe, calibre nº 25G, descartável, estéril, com agulha siliconizada em aço inoxidável, bisel trifacetado, asas flexíveis para empunhadura e fixação, tubo extensor transparente e flexível | 449052
459;GAEPH;publicado com pendência;unidade_fornecimento_ausente;170495;194;6720;5000.0;CÂMERA FOTOGRÁFICA PROFISSIONAL | 449052
466;GAEPH;publicado com pendência;unidade_fornecimento_ausente;170495;197;6515;22400.0;CÂNULA NASOFARÍNGEA DE DIVERSOS TAMANHOS | 449052
473;GAEPH;publicado com pendência;unidade_fornecimento_ausente;170495;200;6530;88000.0;PRANCHAS DO TIPO SCOOP | 449052
478;CEMEV;publicado com pendência;unidade_fornecimento_ausente;170495;201;9290;287359.9;Capacitação continuada dos militares do CEMEV | 339039
490;GAEPH;publicado com pendência;unidade_fornecimento_ausente;170495;207;6530;100000.0;Manequim de simulação realistica de trauma | 449052
532;GAEPH;publicado com pendência;unidade_fornecimento_ausente;170495;228;6530;69.6;Torneira de 3 vias, dispositivo descartável ou reutilizável para conexão e desvio de fluxo em equipos e sistemas de infusão | 449052
538;GAEPH;publicado com pendência;unidade_fornecimento_ausente;170495;231;9999;5000.0;PLACA PERNALIZADA EM ACRÍLICO PARA PREMIAÇÃO | 339030
551;GAEPH;publicado com pendência;unidade_fornecimento_ausente;170495;237;6530;93120.0;Instrumental e utensílios para uso em hospitais e ambulatórios, IMOBILIZADOR DE CABEÇA | 449052
560;GAEPH;publicado com pendência;unidade_fornecimento_ausente;170495;240;6530;165200.0;Colchonete para maca, confeccionado em espuma de alta densidade revestida com material impermeável, resistente e de fácil higienização, destinado ao conforto e proteção do paciente durante o transporte e atendimento | 449052
566;GAEPH;publicado com pendência;unidade_fornecimento_ausente;170495;243;6530;3135.65;Instrumental e utensílios para uso em hospitais e ambulatórios, ELETRODO DESCARTÁVEL ADULTO PARA ECG E MONITORIZAÇÃO | 449052
572;GAEPH;publicado com pendência;unidade_fornecimento_ausente;170495;246;6530;29780.0;Fixador para tubo orotraqueal adulto, confeccionado em material macio e resistente, ajustável, destinado à fixação segura do tubo endotraqueal durante procedimentos de ventilação mecânica | 449052
578;GAEPH;publicado com pendência;unidade_fornecimento_ausente;170495;249;6530;6040.0;Fixador para tubo orotraqueal infantil, confeccionado em material macio e resistente, ajustável, destinado à fixação segura do tubo endotraqueal em pacientes pediátricos | 449052
584;GAEPH;publicado com pendência;unidade_fornecimento_ausente;170495;252;6530;56385.0;Materiais e acessórios de proteção individual, LUVAS de borracha nitrílica, de procedimento, sem pó, caixa com 100 unidades. Tamanho: G | 449052
590;GAEPH;publicado com pendência;unidade_fornecimento_ausente;170495;255;6530;39150.0;Materiais e acessórios de proteção individual, LUVAS de borracha nitrílica, de procedimento, sem pó, caixa com 100 unidades. Tamanho: M | 449052
596;GAEPH;publicado com pendência;unidade_fornecimento_ausente;170495;258;6530;34785.0;Materiais e acessórios de proteção individual, LUVAS de borracha nitrílica, de procedimento, sem pó, caixa com 100 unidades. Tamanho: P | 449052
608;GAEPH;publicado com pendência;unidade_fornecimento_ausente;170495;264;6530;1548.0;Termômetro digital axilar, destinado à aferição da temperatura corporal por via axilar, com leitura digital | 449052
614;GAEPH;publicado com pendência;unidade_fornecimento_ausente;170495;267;7230;200.0;LONA COLORIDA | 449052
621;GAEPH;publicado com pendência;unidade_fornecimento_ausente;170495;270;9290;90000.0;Curso de Formação de Instrutores em Simulação Realística, destinado à capacitação de profissionais para planejamento, condução e avaliação de simulações aplicadas ao ensino em saúde | 339039
630;GAEPH;publicado com pendência;unidade_fornecimento_ausente;170495;273;5999;2000.0;PASSADOR MULTIMÍDIA COM APONTADOR LASER | 339030
636;GAEPH;publicado com pendência;unidade_fornecimento_ausente;170495;276;7060;4000.0;PLACAS DE CAPTURA DE VÍDEO | 449052
642;GAEPH;publicado com pendência;unidade_fornecimento_ausente;170495;279;6532;258500.0;COLETE TÁTICO | 339030
648;GAEPH;publicado com pendência;unidade_fornecimento_ausente;170495;282;4240;2400.0;CORDA PARA ESCALADA FLEXÍVEL 10mm (50m) | 449052
744;GAEPH;publicado com pendência;unidade_fornecimento_ausente;170495;336;6530;9992.16;Agulha hipodérmica descartável, estéril, calibre 25 x 0,7 mm, com cânula em aço inoxidável siliconizado, bisel trifacetado e canhão na cor verde. (pacote com 100unid) | 449052
752;CEMEV;publicado com pendência;unidade_fornecimento_ausente;170495;337;2540;7742595.13;Aquisição de peças, componentes, acessórios e materiais de reposição, novos, de produção original, genuína ou equivalente tecnicamente compatível, com fornecimento sob demanda | 449052
797;GAEPH;publicado com pendência;unidade_fornecimento_ausente;170495;367;6530;2552.0;Álcool etílico em gel antisséptico para higienização das mãos, concentração mínima de 70%, ação bactericida, acondicionado em embalagem apropriada para uso hospitalar | 449052
806;GAEPH;publicado com pendência;unidade_fornecimento_ausente;170495;373;6530;27960.0;Agulha hipodérmica descartável, estéril, calibre 25 x 0,8 mm, com cânula em aço inoxidável siliconizado, bisel trifacetado e canhão na cor verde. (pacote com 100unid) | 449052
814;GAEPH;publicado com pendência;unidade_fornecimento_ausente;170495;376;6530;116.0;Instrumental e utensílios para uso em hospitais e ambulatórios, LUVA CIRÚRGICA CONVENCIONAL Nº 7,0 EM LATEX ESTÉRIL | 449052
838;GAEPH;publicado com pendência;unidade_fornecimento_ausente;170495;394;6530;65797.2;Saco branco alvejado, confeccionado em tecido resistente, destinado ao acondicionamento e transporte de materiais | 449052
842;GAEPH;publicado com pendência;unidade_fornecimento_ausente;170495;397;8105;13118.59;Saco de lixo 100 L, confeccionado em material resistente, destinado à coleta e descarte de resíduos | 339030
846;GAEPH;publicado com pendência;unidade_fornecimento_ausente;170495;400;8105;2928.0;Saco de lixo 20 L, confeccionado em material resistente, destinado à coleta e descarte de resíduos | 339030
850;GAEPH;publicado com pendência;unidade_fornecimento_ausente;170495;403;8105;2534.49;Saco de lixo 50 L, confeccionado em material resistente, destinado à coleta e descarte de resíduos | 339030
855;GAEPH;publicado com pendência;unidade_fornecimento_ausente;170495;406;6530;85952.0;Agulha hipodérmica descartável, estéril, calibre 40 x 1,2 mm, com cânula em aço inoxidável siliconizado, bisel trifacetado e canhão na cor rosa. (pacote com 100unid) | 449052
863;GAEPH;publicado com pendência;unidade_fornecimento_ausente;170495;409;8105;9099.6;Saco de lixo infectante 100 L, confeccionado em material resistente e identificado para descarte de resíduos infectantes | 339030
867;GAEPH;publicado com pendência;unidade_fornecimento_ausente;170495;412;8105;83160.0;Saco de lixo infectante 200 L, confeccionado em material resistente e identificado para descarte de resíduos infectantes | 339030
871;GAEPH;publicado com pendência;unidade_fornecimento_ausente;170495;415;6530;864.0;Tubo endotraqueal com cuff 9 mm, estéril, descartável, destinado à intubação e ventilação traqueal | 449052
875;GAEPH;publicado com pendência;unidade_fornecimento_ausente;170495;418;6530;648.0;Tubo endotraqueal nº 7,0, estéril, descartável, destinado à intubação e ventilação traqueal | 449052
879;GAEPH;publicado com pendência;unidade_fornecimento_ausente;170495;421;6530;576.0;Tubo endotraqueal nº 2,0, estéril, descartável, destinado à intubação e ventilação traqueal | 449052
883;GAEPH;publicado com pendência;unidade_fornecimento_ausente;170495;424;6530;472.0;Tubo endotraqueal nº 2,5, estéril, descartável, destinado à intubação e ventilação traqueal | 449052
887;GAEPH;publicado com pendência;unidade_fornecimento_ausente;170495;427;6530;464.0;Tubo endotraqueal nº 3,0, estéril, descartável, destinado à intubação e ventilação traqueal | 449052
891;GAEPH;publicado com pendência;unidade_fornecimento_ausente;170495;430;6530;496.0;Tubo endotraqueal nº 3,5, estéril, descartável, destinado à intubação e ventilação traqueal | 449052
895;GAEPH;publicado com pendência;unidade_fornecimento_ausente;170495;433;6530;532.0;Tubo endotraqueal nº 4,0, estéril, descartável, destinado à intubação e ventilação traqueal | 449052
899;GAEPH;publicado com pendência;unidade_fornecimento_ausente;170495;436;6530;504.0;Tubo endotraqueal nº 4,5, estéril, descartável, destinado à intubação e ventilação traqueal | 449052
904;GAEPH;publicado com pendência;unidade_fornecimento_ausente;170495;439;6530;368662.0;Agulha descartável para acesso vascular intraósseo, comprimento de 45 mm, confeccionada em aço inoxidável, estéril, compatível com perfurador intraósseo, acompanhada de conector e dispositivo de fixação | 449052
911;GAEPH;publicado com pendência;unidade_fornecimento_ausente;170495;442;6530;596.4;Tubo endotraqueal nº 5,0, estéril, descartável, destinado à intubação e ventilação traqueal | 449052
915;GAEPH;publicado com pendência;unidade_fornecimento_ausente;170495;445;6530;600.6;Tubo endotraqueal nº 5,5, estéril, descartável, destinado à intubação e ventilação traqueal | 449052
919;GAEPH;publicado com pendência;unidade_fornecimento_ausente;170495;448;6530;520.8;Tubo endotraqueal nº 6,0, estéril, descartável, destinado à intubação e ventilação traqueal | 449052
923;GAEPH;publicado com pendência;unidade_fornecimento_ausente;170495;451;6530;504.0;Tubo endotraqueal nº 6,5, estéril, descartável, destinado à intubação e ventilação traqueal | 449052
927;GAEPH;publicado com pendência;unidade_fornecimento_ausente;170495;454;6530;2088.0;Tubo endotraqueal nº 7,5, estéril, descartável, destinado à intubação e ventilação traqueal | 449052
931;GAEPH;publicado com pendência;unidade_fornecimento_ausente;170495;457;6530;2088.0;Tubo endotraqueal nº 8,0, estéril, descartável, destinado à intubação e ventilação traqueal | 449052
935;GAEPH;publicado com pendência;unidade_fornecimento_ausente;170495;460;6530;670.5;Tubo endotraqueal nº 8,5, estéril, descartável, destinado à intubação e ventilação traqueal | 449052
939;GAEPH;publicado com pendência;unidade_fornecimento_ausente;170495;463;6530;13860.0;Tubo de látex para aspiração, fornecido em unidade, flexível e resistente, destinado a sistemas de sucção | 449052
943;GAEPH;publicado com pendência;unidade_fornecimento_ausente;170495;466;4230;156.0;Balde branco, capacidade de 60 litros, confeccionado em material resistente, com uso para acondicionamento e transporte de líquidos ou resíduos | 449052
947;GAEPH;publicado com pendência;unidade_fornecimento_ausente;170495;469;4230;375.0;Balde com tampa, capacidade de 100 L, confeccionado em material resistente, para acondicionamento e transporte | 449052
952;GAEPH;publicado com pendência;unidade_fornecimento_ausente;170495;472;6530;87150.0;Esfigmomanômetro digital para aferição não invasiva da pressão arterial, com visor digital para exibição dos resultados, braçadeira ajustável, funcionamento por bateria ou pilhas e indicação automática de pressão sistólica | 449052
959;GAEPH;publicado com pendência;unidade_fornecimento_ausente;170495;475;4230;80976.0;Touca de procedimento descartável, confeccionada em material leve e hipoalergênico, destinada à proteção e contenção dos cabelos em ambientes assistenciais | 449052
963;GAEPH;publicado com pendência;unidade_fornecimento_ausente;170495;478;9290;16000.0;Curso de Pós-Graduação em Simulação Realística, destinado à especialização em planejamento, desenvolvimento | 339039
967;GAEPH;publicado com pendência;unidade_fornecimento_ausente;170495;481;6505;418.2;Ácido acetilsalicilico comprimido 100 mg | 339030
971;GAEPH;publicado com pendência;unidade_fornecimento_ausente;170495;484;6505;307.8;Ácido tranexâmico solução injetável 50 mg/ml ampola 5 ml | 339030
975;GAEPH;publicado com pendência;unidade_fornecimento_ausente;170495;487;6505;35276.0;Ondansetrona solução injetável 2 mg/ml ampola 4 ml | 339030
979;GAEPH;publicado com pendência;unidade_fornecimento_ausente;170495;490;6505;2007.0;Adenosina solução injetável 3 mg/ml ampola 2 ml | 339030
983;GAEPH;publicado com pendência;unidade_fornecimento_ausente;170495;493;6505;1181.88;Paracetamol solução oral 200 mg/ml frasco 15 ml | 339030
987;GAEPH;publicado com pendência;unidade_fornecimento_ausente;170495;496;6505;1556.75;Prometazina (cloridrato) solução injetável 25 mg/ml ampola 2 ml (Fenergan) | 339030
991;GAEPH;publicado com pendência;unidade_fornecimento_ausente;170495;499;6505;2100.0;Agua para injetáveis ampola 10 ml | 339030
995;GAEPH;publicado com pendência;unidade_fornecimento_ausente;170495;502;6505;2025.0;Amiodarona solução injetável 50 mg/ml ampola 3 ml (Ancoron) | 339030
999;POMED;publicado com pendência;unidade_fornecimento_ausente;170495;504;6515;1494.51;"Eco Gel, Aplicação: Condutor em transmissão ultrassônica e de impulsos elétricos Características Adicionais: Ph Neutro Composição: A Base de Água Esterilidade: Estéril Dermatologicamente testado Disponível em bolsa ""bag"" maleável de 5kg | 449052"
1007;GAEPH;publicado com pendência;unidade_fornecimento_ausente;170495;508;6505;282.0;Atropina (sulfato) solução injetável 0,25 mg/ml ampola 1 ml (Atrofarma) | 339030
1011;GAEPH;publicado com pendência;unidade_fornecimento_ausente;170495;511;6505;6030.0;Bicarbonato de sodio solução injetável 8,4 % (1 meq/ml) frasco 250 ml | 339030
1015;GAEPH;publicado com pendência;unidade_fornecimento_ausente;170495;514;6505;1269.9;Butilbrometo de escopolamina solução injetável 20 mg/ml ampola 1 ml | 339030
1019;GAEPH;publicado com pendência;unidade_fornecimento_ausente;170495;517;6505;692.9;Captopril comprimido sulcado 25 mg | 339030
1023;GAEPH;publicado com pendência;unidade_fornecimento_ausente;170495;520;6505;4639.04;Clopidogrel comprimido 75 mg | 339030
1027;GAEPH;publicado com pendência;unidade_fornecimento_ausente;170495;523;6505;444.25;Dextrocetamina (escetamina) solução injetável 50mg/ml ampola 2ml (Ketamin) | 339030
1031;GAEPH;publicado com pendência;unidade_fornecimento_ausente;170495;526;6505;142.2;Propranolol (cloridrato) comprimido 40 mg | 339030
1035;GAEPH;publicado com pendência;unidade_fornecimento_ausente;170495;529;6505;243.8;Diazepam comprimido 5 mg | 339030
1039;GAEPH;publicado com pendência;unidade_fornecimento_ausente;170495;532;6505;226.8;Diazepam solução injetável 5 mg/ml ampola 2 ml | 339030
1043;GAEPH;publicado com pendência;unidade_fornecimento_ausente;170495;535;6505;5544.0;Dipirona solução injetável 500 mg/ml 2 ml | 339030
1047;POMED;publicado com pendência;unidade_fornecimento_ausente;170495;537;9290;48000.0;(34844) SERVIÇO - OUTROS SERVIÇOS DE EDUCAÇÃO E TREINAMENTO - OUTROS SERVIÇOS DE EDUCAÇÃO E TREINAMENTO | 339039
1055;GAEPH;publicado com pendência;unidade_fornecimento_ausente;170495;541;6505;2308.0;Dobutamina (cloridrato) solução injetável 12,5 mg/ml ampola 20 ml (Dobutariston) | 339030
1059;GAEPH;publicado com pendência;unidade_fornecimento_ausente;170495;544;6505;232.0;Dopamina (cloridrato) solução injetável 5 mg/ml ampola 10 ml | 339030
1063;GAEPH;publicado com pendência;unidade_fornecimento_ausente;170495;547;6505;8610.0;Epinefrina solução injetável 1 mg/ml ampola 1 ml (Adren) | 339030
1066;POMED;publicado com pendência;unidade_fornecimento_ausente;170495;549;6530;21600.0;"(34130)Agulha para coleta de sangue a vácuo 25x0,8mm (21G x 1"") ou 32x0.8mm (21G x 1 1/4"") com sistema de proteção para descarte | 449052"
1067;GAEPH;publicado com pendência;unidade_fornecimento_ausente;170495;550;6505;430.0;Etomidato solução injetável 2 mg/ml ampola 10 ml | 339030
1070;POMED;publicado com pendência;unidade_fornecimento_ausente;170495;552;6640;27195.0;(34170)Reagentes, Reagente de sódio (Na+) | 339030
1071;GAEPH;publicado com pendência;unidade_fornecimento_ausente;170495;553;6505;247.68;Fenitoina solução injetável 50 mg/ml ampola 5 ml | 339030
1074;POMED;publicado com pendência;unidade_fornecimento_ausente;170495;555;6640;8489.0;(34173)Reagentes, Reagente Transferrina | 339030
1075;GAEPH;publicado com pendência;unidade_fornecimento_ausente;170495;556;6505;244.0;Fenobarbital solução injetável 200 mg ampola (via de administração IV ou IV e IM) (Fenocris) | 339030
1078;POMED;publicado com pendência;unidade_fornecimento_ausente;170495;558;6640;32328.0;(34175)Reagente - PCR Ultrassensível (Proteína C Reativa) | 339030
1079;GAEPH;publicado com pendência;unidade_fornecimento_ausente;170495;559;6505;36.15;Fentanila solução injetável 0,05 mg/ml ampola 2 ml | 339030
1082;POMED;publicado com pendência;unidade_fornecimento_ausente;170495;561;6640;186684.0;(34178)Reagente - Hemoglobina Glicosilada - HBGLI | 339030
1083;GAEPH;publicado com pendência;unidade_fornecimento_ausente;170495;562;6505;209.4;Fentanila solução injetável 0,05 mg/ml ampola ou frasco-ampola 10 ml | 339030
1086;POMED;publicado com pendência;unidade_fornecimento_ausente;170495;564;6640;7239.0;(34179)Reagente - Beta 2-microglobulina | 339030
1087;GAEPH;publicado com pendência;unidade_fornecimento_ausente;170495;565;6505;2997.0;Glicose solução injetável 50 % ampola 10 ml | 339030
1090;POMED;publicado com pendência;unidade_fornecimento_ausente;170495;567;6640;1851.0;(34181)Reagente - Cocaína | 339030
1091;GAEPH;publicado com pendência;unidade_fornecimento_ausente;170495;568;6505;14552.0;Flumazenil solução injetável 0,5 mg/5 ml ampola 5 ml | 339030
1095;POMED;publicado com pendência;unidade_fornecimento_ausente;170495;570;9290;280000.0;(34834) MBA em Administração: Gestão em Saúde pela FGV. Demais detalhes conforme termo de referência | 339039
1102;POMED;publicado com pendência;unidade_fornecimento_ausente;170495;573;6640;1851.0;(34182)Reagente - Tetra-hidrocanabidiol | 339030
1103;GAEPH;publicado com pendência;unidade_fornecimento_ausente;170495;574;6505;207.0;Furosemida solução injetável 10 mg/ml ampola 2 ml | 339030
1106;POMED;publicado com pendência;unidade_fornecimento_ausente;170495;576;6640;1612.0;(34184) Reagente - Anfetamina | 339030
1107;GAEPH;publicado com pendência;unidade_fornecimento_ausente;170495;577;6505;6350.4;Gliconato de calcio solução injetável 100 mg/ml ampola 10 ml | 339030
1110;POMED;publicado com pendência;unidade_fornecimento_ausente;170495;579;6640;80850.0;(34188) Painel ou cartão para provas de identificação de bactérias e teste de sensibilidade a antimicrobianos por microdiluição em caldo, que forneça a concentração inibitória mínima (MIC) real ou calculado, para uso em amostras sanguíneas | 339030
1111;GAEPH;publicado com pendência;unidade_fornecimento_ausente;170495;580;6505;1139.2;Glicose 5 % solução injetável bolsa ou frasco 500 ml sistema fechado de infusão embalagem primária isenta de PVC | 339030
1114;POMED;publicado com pendência;unidade_fornecimento_ausente;170495;582;6640;33600.0;(34191) Reagente - Meio de cultura ágar Cled/Macconkey, sólido, em placa de 90 mm | 339030
1115;GAEPH;publicado com pendência;unidade_fornecimento_ausente;170495;583;6505;431.0;Haloperidol solução injetável 5 mg/ml ampola 1 ml | 339030
1118;POMED;publicado com pendência;unidade_fornecimento_ausente;170495;585;6640;1840.0;(34194) Reagente - Meio de cultura ágar cromogênico para Streptococcus agalactiae (grupo B), sólido, em placa de 90 mm | 339030
1119;GAEPH;publicado com pendência;unidade_fornecimento_ausente;170495;586;6505;630.0;Hidralazina solução injetável 20 mg/ml ampola 1 ml (Nepresol) | 339030
1122;POMED;publicado com pendência;unidade_fornecimento_ausente;170495;588;9311;450767.4;(34679) Serviços médico-hospitalar, SERVIÇO. FORNECIMENTO CONTÍNUO DE MEDICAMENTOS. Demais informações no Termo de Referência | 339039
1123;GAEPH;publicado com pendência;unidade_fornecimento_ausente;170495;589;6505;1407.0;Hidrocortisona (succinato sodico) po para solução injetável100 mg frasco-ampola | 339030
1126;POMED;publicado com pendência;unidade_fornecimento_ausente;170495;591;8599;147000.0;(34684)SERVIÇO. Sistema de Gestão de Laboratório. Imprementar plataforma digital para automação do fluxo operacional, garantindo a integridade dos dados, rastreabilidade total das amostras e conformidade com normas técnicas de qualidade | 339039
1127;GAEPH;publicado com pendência;unidade_fornecimento_ausente;170495;592;6505;2152.0;Hidrocortisona (succinato sodico) po para solução injetável 500 mg frasco-ampola | 339030
1130;POMED;publicado com pendência;unidade_fornecimento_ausente;170495;594;7690;221796.36;(14169)Aquisição de impressos, folhetos, atestados, receituários em geral | 339030
1131;GAEPH;publicado com pendência;unidade_fornecimento_ausente;170495;595;6505;828.45;Ipratropio (brometo) solução para inalação 0,25 mg/ml frasco 20 ml | 339030
1133;POMED;publicado com pendência;unidade_fornecimento_ausente;170495;597;8599;1649259.36;(34533) TÉCNICO EM ENFERMAGEM: ENFERMARIA/ENDOSCOPIA/RADIOLOGIA/CC (Código CBO 3222-05) | 339039
1134;GAEPH;publicado com pendência;unidade_fornecimento_ausente;170495;598;6505;370.4;Metoprolol solução injetável 1 mg/ml seringa pronto uso ou ampola 5 ml Seloken® | 339030
1136;POMED;publicado com pendência;unidade_fornecimento_ausente;170495;600;8599;236661.12;(34534) TÉCNICO EM ENFERMAGEM: ENFERMARIA/ENDOSCOPIA/RADIOLOGIA/CC (Código CBO 3222-05) | 339039
1137;GAEPH;publicado com pendência;unidade_fornecimento_ausente;170495;601;6505;657.8;Isossorbida (dinitrato) comprimido sublingual 5 mg (Isordil) | 339030
1141;POMED;publicado com pendência;unidade_fornecimento_ausente;170495;603;9290;78000.0;(34835) AMLS - Advanced Medical Life Support. Demais detalhes conforme termo de referência | 339039
1147;POMED;publicado com pendência;unidade_fornecimento_ausente;170495;606;8599;65389.08;(34535) SERVIÇO DE TÉCNICO DE IMOBILIZAÇÃO ORTOPÉDICA (CBO 3226-05) | 339039
1148;GAEPH;publicado com pendência;unidade_fornecimento_ausente;170495;607;6505;829.0;Lidocaina (cloridrato) geleia 2 % bisnaga 30 g (Lidogel) | 339030
1150;POMED;publicado com pendência;unidade_fornecimento_ausente;170495;609;8599;296810.64;(34537)SERVIÇO DE TÉCNICO EM RADIOLOGIA (Código CBO 3241-15) | 339039
1151;GAEPH;publicado com pendência;unidade_fornecimento_ausente;170495;610;6505;211.2;Lidocaina (cloridrato) solução injetável 2 % frasco-ampola 20 ml (Lidojet) | 339030
1153;GAEPH;publicado com pendência;unidade_fornecimento_ausente;170495;612;6505;682.2;Midazolam solução injetável 15 mg ampola 3 ml | 339030
1155;POMED;publicado com pendência;unidade_fornecimento_ausente;170495;614;6505;1100000.0;Aquisição de Medicações e Insumos pelo convênio com SES | 339030
1156;GAEPH;publicado com pendência;unidade_fornecimento_ausente;170495;615;6505;1098.3;Midazolam solução injetável 5 mg/ml ampola 10 ml | 339030
1158;POMED;publicado com pendência;unidade_fornecimento_ausente;170495;617;6515;24200.0;Kit de consumíveis de contraste para bomba injetora LF CT 9000ADV, Conteúdo do kit: - 01 seringa 200ml. - 01 tubo conector, espiralado 150 cm. - 01 tubo de enchimento rápido. Limite de pressão: 350 PSI | 449052
1159;GAEPH;publicado com pendência;unidade_fornecimento_ausente;170495;618;6505;235.0;Morfina solução injetável 10mg/ml ampola 1ml (Dimorf) | 339030
1161;POMED;publicado com pendência;unidade_fornecimento_ausente;170495;620;6505;5626.47;Saneante Hospitalar de Alto Nível, Hipoclorito de sódio estabilizado a 4%. Desinfetante de alto nível, segundo a RDC 35/2010, com ação antimicrobiana, estabilizado em solução aquosa a 4%. Registro Anvisa nº 362940002 | 339030
1162;GAEPH;publicado com pendência;unidade_fornecimento_ausente;170495;621;6505;723.2;Naloxona (cloridrato) solução injetável 0,4 mg/ml ampola 1 ml | 339030
1164;POMED;publicado com pendência;unidade_fornecimento_ausente;170495;623;6530;1875.0;Fita Teste Fita de teste para verificação diária da concentração mínima efetiva da solução de hipoclorito de sódio estabilizado a 4% em todas as cubas. Apresentação: tiras. Embalagem: frasco com 50 unidades. Registro Anvisa nº362940002 | 449052
1165;GAEPH;publicado com pendência;unidade_fornecimento_ausente;170495;624;6505;745.8;Nitroglicerina solução injetável 5 mg/ml ampola 5 ml (Tridil) | 339030
1167;POMED;publicado com pendência;unidade_fornecimento_ausente;170495;626;1611;2500000.0;(34682)Aquisição de Sistema de Gestão Hospitalar | 339039
1168;GAEPH;publicado com pendência;unidade_fornecimento_ausente;170495;627;6505;1588.65;Nitroprusseto de sodio po liofilizado ou solução injetável 50 mg frasco-ampola ou ampola (Nitroprus) | 339030
1170;POMED;publicado com pendência;unidade_fornecimento_ausente;170495;629;9311;1100000.0;(34681) Serviços médico-hospitalar, SERVIÇO. Contratação de Serviço de fornecimento contínuo de Insumos Hospitalares | 339039
1171;GAEPH;publicado com pendência;unidade_fornecimento_ausente;170495;630;6505;1975.5;Norepinefrina (hemitartarato) solução injetável 2 mg/ml (equivalente a 1mg/ml de norepinefrina base) ampola 4 ml | 339030
1173;POMED;publicado com pendência;unidade_fornecimento_ausente;170495;632;9312;300000.0;(34686) SERVIÇO. GERADORES. Manutenção preventiva no GRUPO GERADOR. Gerador de energia. Hospital | 339039
1174;GAEPH;publicado com pendência;unidade_fornecimento_ausente;170495;633;6505;313.0;Ocitocina solução injetável 5 UI ampola 1 ml | 339030
1178;POMED;publicado com pendência;unidade_fornecimento_ausente;170495;635;9290;52000.0;(34839) Curso de Especialização em Engenharia Clínica | 339039
1184;POMED;publicado com pendência;unidade_fornecimento_ausente;170495;638;9311;1144995.6;(34677)Serviços em aparelhos médicos odontológicos, hospitalares e laboratoriais, MANUTENÇÃO PREVENTIVA E CORRETIVA. Colonoscópio e Gastroscópio Eletrônicos. Sistema completo | 339039
1185;GAEPH;publicado com pendência;unidade_fornecimento_ausente;170495;639;6505;14261.4;Omeprazol po injetável 40 mg frasco ampola + diluente (ampola 10 ml) | 339030
1187;POMED;publicado com pendência;unidade_fornecimento_ausente;170495;641;9311;408902.04;(34676) Serviços em aparelhos médicos odontológicos, hospitalares e laboratoriais, Manutenção preventiva e corretiva, com substituição de peças especiais novas para o aparelho de tomografia computadorizada. MANUTENÇÃO TOMÓGRAFO | 339039
1188;GAEPH;publicado com pendência;unidade_fornecimento_ausente;170495;642;6505;3186.0;Salbutamol (sulfato) spray ou aerossol para inalação oral 100 mcg/dose frasco 200 doses com inalador | 339030
1190;POMED;publicado com pendência;unidade_fornecimento_ausente;170495;644;8599;122700.0;(34549) Serviços continuados de coleta, transporte, tratamento e disposição final dos Resíduos de Serviços de Saúde (RSS) | 339039
1191;GAEPH;publicado com pendência;unidade_fornecimento_ausente;170495;645;6505;1938.0;Sulfato de magnesio solução injetável 50 % (4 meq/ml) ampola 10 ml | 339030
1193;POMED;publicado com pendência;unidade_fornecimento_ausente;170495;647;8599;188010.48;(31468)SERVIÇOS DE LAVANDERIA HOSPITALAR | 339039
1194;GAEPH;publicado com pendência;unidade_fornecimento_ausente;170495;648;6505;519.6;Suxametonio (cloreto) po para solução injetável 100 mg frasco-ampola (Succinilcolin) | 339030
1196;POMED;publicado com pendência;unidade_fornecimento_ausente;170495;650;6515;270000.0;(34848) Monitores multiparamétricos. Mínimo de 12 polegadas, touchscreen e de alta resolução | 449052
1197;GAEPH;publicado com pendência;unidade_fornecimento_ausente;170495;651;6505;13012.5;Tenoxicam po liofilizado para solução injetável 20 mg frasco-ampola | 339030
1199;POMED;publicado com pendência;unidade_fornecimento_ausente;170495;653;6640;19500.0;Aquisição de Escalpe para punção venosa | 339030
1200;GAEPH;publicado com pendência;unidade_fornecimento_ausente;170495;654;6505;1057.2;Tramadol (cloridrato) solução injetável 50 mg/ml ampola 2 ml | 339030
1202;POMED;publicado com pendência;unidade_fornecimento_ausente;170495;656;6640;597960.0;Reagente para dosagem de Vitamina D | 339030
1203;GAEPH;publicado com pendência;unidade_fornecimento_ausente;170495;657;9290;7500.0;ASSINATURA DE REVISTAS CIENTÍFICAS INTERNACIONAIS (Prehospital Care, Circulation, Resuscitation, New England, Jama, SJTREM) | 339039
1205;POMED;publicado com pendência;unidade_fornecimento_ausente;170495;659;6640;35420.0;Reagente para Citomegalovírus IgM e IgG | 339030
1206;GAEPH;publicado com pendência;unidade_fornecimento_ausente;170495;660;3620;1000.0;PLASTIFICADORA | 449052
1208;POMED;publicado com pendência;unidade_fornecimento_ausente;170495;662;6640;32400.0;Reagente para Glicose | 339030
1211;POMED;publicado com pendência;unidade_fornecimento_ausente;170495;665;6640;1440.0;Reagente para Cloro | 339030
1216;POMED;publicado com pendência;unidade_fornecimento_ausente;170495;668;9290;6634.0;(34840) Curso de Pós-graduação em Fisioterapia Ortopédica e Traumatológica | 339039
1223;CEMEV;publicado com pendência;unidade_fornecimento_ausente;170495;670;8319;17085541.45;Prestação de serviços continuados de manutenção preventiva e corretiva, incluindo revisões periódicas, inspeções, vistorias técnicas e demais serviços correlatos, com fornecimento sob demanda de peças, componentes, acessórios, lubrificantes | 339039
1234;POMED;publicado com pendência;unidade_fornecimento_ausente;170495;675;6640;62376.0;Teste completo de urina po I compreendendo a análise sico-química das substâncias encontradas através de fitas reavas de, no mínimo, 10 parâmetros | 339030
1235;GAEPH;publicado com pendência;unidade_fornecimento_ausente;170495;676;6530;21073.08;Prancha rígida, nas cores vermelha e amarela, para imobilização e transporte de pacientes, confeccionada em material resistente e radiotransparente | 449052
1237;GAEPH;publicado com pendência;unidade_fornecimento_ausente;170495;678;9290;24000.0;Curso de Ultrassonografia Point-of-Care (POCUS) para Atendimento Pré-Hospitalar (APH), destinado à capacitação no uso de ultrassonografia à beira-leito no contexto pré-hospitalar | 339039
1239;GAEPH;publicado com pendência;unidade_fornecimento_ausente;170495;680;6240;1000.0;RINGLIGHT DE LED COM TRIPÉ | 339030
1247;GAEPH;publicado com pendência;unidade_fornecimento_ausente;170495;688;6530;4760.0;Braçadeira de reposição para aparelho digital de pressão arterial, confeccionada em material resistente, ajustável e compatível com equipamentos de monitorização não invasiva da pressão arterial | 449052
1249;GAEPH;publicado com pendência;unidade_fornecimento_ausente;170495;690;6530;2175.0;Braçadeira de reposição tamanho grande para aparelho digital de pressão arterial, confeccionada em material resistente | 449052
1257;POMED;publicado com pendência;unidade_fornecimento_ausente;170495;696;9290;14800.0;"(34842) Curso ""Conceito Mulligan – Mobilização com Movimento (MWM)"" | 339039"
1267;GAEPH;publicado com pendência;unidade_fornecimento_ausente;170495;703;6530;12400.0;Pinça Magill nº 15, confeccionada em material resistente, indicada para manipulação de corpos estranhos e auxílio em procedimentos de vias aéreas | 449052
1269;GAEPH;publicado com pendência;unidade_fornecimento_ausente;170495;705;6530;14880.0;Pinça Magill nº 20, confeccionada em material resistente, indicada para manipulação de corpos estranhos e auxílio em procedimentos de vias aéreas | 449052
1271;GAEPH;publicado com pendência;unidade_fornecimento_ausente;170495;707;6530;17360.0;Pinça Magill nº 25, confeccionada em material resistente, indicada para manipulação de corpos estranhos e auxílio em procedimentos de vias aéreas | 449052
1273;GAEPH;publicado com pendência;unidade_fornecimento_ausente;170495;709;5835;2500.0;MESA DE SOM 6 CANAIS | 449052
1275;GAEPH;publicado com pendência;unidade_fornecimento_ausente;170495;711;6530;4215.0;Caixas e caixotes, CAIXA COLETORA PARA MATERIAL PERFUROCORTANTE | 449052
1277;GAEPH;publicado com pendência;unidade_fornecimento_ausente;170495;713;4235;29742.0;Saco coletor, confeccionado em material resistente, destinado ao acondicionamento e descarte de resíduos ou materiais conforme a | 449052
1279;GAEPH;publicado com pendência;unidade_fornecimento_ausente;170495;715;6530;17000.0;Soro 250 mL, solução estéril acondicionada em frasco ou bolsa de 250 mL para uso hospitalar | 449052
1281;GAEPH;publicado com pendência;unidade_fornecimento_ausente;170495;717;6530;48203.0;Soro 500 mL, solução estéril acondicionada em frasco ou bolsa de 500 mL para uso hospitalar | 449052
1285;POMED;publicado com pendência;unidade_fornecimento_ausente;170495;719;9290;14000.0;"(34843) Curso ""Conceito Maitland – Terapia Manual Ortopédica"" | 339039"
1303;GAEPH;publicado com pendência;unidade_fornecimento_ausente;170495;734;6530;62100.0;Reanimador manual pulmonar (BVM) para uso adulto, reutilizável, composto por balão autoinflável, válvula unidirecional, reservatório de oxigênio e máscara facial compatível, destinado à ventilação manual de pacientes adultos | 449052
1305;GAEPH;publicado com pendência;unidade_fornecimento_ausente;170495;736;6530;34560.0;Reanimador manual pulmonar (BVM) para uso infantil, reutilizável, composto por balão autoinflável, válvula unidirecional, reservatório de oxigênio e máscara facial compatível, destinado à ventilação manual de pacientes pediátricos | 449052
1307;GAEPH;publicado com pendência;unidade_fornecimento_ausente;170495;738;6530;14950.0;Reanimador manual pulmonar (BVM) para uso neonatal, reutilizável, composto por balão autoinflável, válvula unidirecional, reservatório de oxigênio e máscara facial compatível, destinado à ventilação manual de recém-nascidos | 449052
1313;POMED;publicado com pendência;unidade_fornecimento_ausente;170495;742;6530;47000.0;(35658) Aparelho de ondas de choque para reabilitação | 449052
1319;GAEPH;publicado com pendência;unidade_fornecimento_ausente;170495;745;6530;38285.0;Fluxômetro para aspiração, destinado ao controle e regulagem do fluxo de sucção em sistemas de aspiração hospitalar, confeccionado em material resistente e compatível com redes de gases medicinais | 449052
1321;GAEPH;publicado com pendência;unidade_fornecimento_ausente;170495;747;6530;390.0;Instrumental e utensílios para uso em hospitais e ambulatórios, PAPEL GRAU CIRÚRGICO 12 CM X 100 M | 449052
1323;GAEPH;publicado com pendência;unidade_fornecimento_ausente;170495;749;6530;450.0;Instrumental e utensílios para uso em hospitais e ambulatórios, PAPEL GRAU CIRÚRGICO 15 CM x 100M | 449052
1325;GAEPH;publicado com pendência;unidade_fornecimento_ausente;170495;751;6530;510.0;Instrumental e utensílios para uso em hospitais e ambulatórios, PAPEL GRAU CIRÚRGICO 25CM x 100M | 449052
1327;GAEPH;publicado com pendência;unidade_fornecimento_ausente;170495;753;6530;570.0;Papel grau cirúrgico, largura de 300 mm, em rolo, utilizado para esterilização e acondicionamento de materiais | 449052
1329;GAEPH;publicado com pendência;unidade_fornecimento_ausente;170495;755;6530;630.0;Papel grau cirúrgico, largura de 500 mm, em rolo, utilizado para esterilização e acondicionamento de materiais | 449052
1331;GAEPH;publicado com pendência;unidade_fornecimento_ausente;170495;757;6530;3000.0;Sistema coletor de urina fechado, estéril, destinado à drenagem e coleta de urina de forma contínua e segura | 449052
1333;GAEPH;publicado com pendência;unidade_fornecimento_ausente;170495;759;5836;2500.0;WEBCAM FULL HD | 449052
1337;GAEPH;publicado com pendência;unidade_fornecimento_ausente;170495;763;6530;390000.0;MANEQUINS DE CORPO INTEIRO PARA SIMULAÇÃO | 449052
1341;POMED;publicado com pendência;unidade_fornecimento_ausente;170495;765;6530;9650.0;(35660) Aparelho de radiofrequência capacitiva e resistiva para tecarterapia | 449052
1363;GAEPH;publicado com pendência;unidade_fornecimento_ausente;170495;784;6530;309600.0;Dispositivo portátil para aspiração manual de secreções, composto por reservatório coletor, sistema de sucção acionado manualmente e acessórios necessários para utilização em atendimentos de emergência e transporte de pacientes | 449052
1365;GAEPH;publicado com pendência;unidade_fornecimento_ausente;170495;786;6530;450.0;Esfigmomanômetro aneróide para aferição da pressão arterial, composto por manômetro de alta precisão, braçadeira ajustável, manguito, pera insufladora e válvula de controle de ar, destinado ao uso clínico e pré-hospitalar | 449052
1369;POMED;publicado com pendência;unidade_fornecimento_ausente;170495;788;6530;18000.0;(35662) Equipamentos em geral para uso em hospitais, clínicas médicas-odontológicas e laboratoriais, DEEP LIGHT | 449052
1370;GAEPH;publicado com pendência;unidade_fornecimento_ausente;170495;789;6140;320620.0;Bateria de lítio recarregável para desfibrilador externo automático (DEA), de longa duração, com capacidade mínima para 200 choques, compatível com o equipamento, acompanhada de sistema de indicação de carga. (pacote 10 unid) | 339030
1375;GAEPH;publicado com pendência;unidade_fornecimento_ausente;170495;791;7920;288.0;Escova oval plástica, confeccionada em material resistente, destinada à limpeza manual de superfícies e utensílios | 339030
1377;GAEPH;publicado com pendência;unidade_fornecimento_ausente;170495;793;7920;336.0;Escova para limpeza de frascos, com cabo e cerdas apropriadas para higienização interna de recipientes | 339030
1379;GAEPH;publicado com pendência;unidade_fornecimento_ausente;170495;795;7920;360.0;Escova para limpeza de mangueira, com cerdas adequadas para higienização interna de tubos e mangueiras | 339030
1381;GAEPH;publicado com pendência;unidade_fornecimento_ausente;170495;797;7920;1908.0;Vassoura lava ônibus, com cerdas resistentes e cabo apropriado, destinada à limpeza de veículos de grande porte e superfícies extensas | 339030
1383;GAEPH;publicado com pendência;unidade_fornecimento_ausente;170495;799;7920;1044.0;Vassoura tipo esfregão, com cerdas firmes e cabo resistente, destinada à limpeza pesada de pisos e superfícies | 339030
1387;GAEPH;publicado com pendência;unidade_fornecimento_ausente;170495;803;6530;135.7;Sonda Foley de 2 vias nº 18, estéril, descartável, indicada para cateterização vesical | 449052
1389;GAEPH;publicado com pendência;unidade_fornecimento_ausente;170495;805;5965;7500.0;MICROFONE CONDENSADOR | 339030
1391;GAEPH;publicado com pendência;unidade_fornecimento_ausente;170495;807;6750;1000.0;TRIPÉ PARA CÂMERA | 339030
1393;GAEPH;publicado com pendência;unidade_fornecimento_ausente;170495;809;6910;90000.0;TRONCO PARA SIMULAÇÃO DE OVACE | 339030
1397;POMED;publicado com pendência;unidade_fornecimento_ausente;170495;811;6530;275000.0;Aquisição de Equipamento de Tração e Descompressão Vertebras Compudorizado | 449052
1419;GAEPH;publicado com pendência;unidade_fornecimento_ausente;170495;830;6530;5000.0;ESTETÓSCÓPIO DUPLO PARA INSTRUÇÃO | 449052
1426;GAEPH;publicado com pendência;unidade_fornecimento_ausente;170495;835;7920;3000.0;Espuma automotiva, produto ou acessório destinado à limpeza | 339030
1439;GAEPH;publicado com pendência;unidade_fornecimento_ausente;170495;845;6530;22526.4;Curativo transparente estéril tipo Tegaderm, medindo 4 cm x 5 cm, confeccionado em película semipermeável, adesiva e impermeável a líquidos e bactérias, indicado para proteção e fixação de cateteres, curativos e feridas | 449052
1441;GAEPH;publicado com pendência;unidade_fornecimento_ausente;170495;847;6530;60480.0;Curativo transparente estéril tipo Tegaderm, medindo 6 cm x 7 cm, confeccionado em película semipermeável, adesiva e impermeável a líquidos e bactérias, indicado para proteção e fixação de cateteres, curativos e feridas | 449052
1443;GAEPH;publicado com pendência;unidade_fornecimento_ausente;170495;849;6530;21720.0;Fluxômetro para cilindro de oxigênio medicinal, destinado ao controle e regulagem da vazão de oxigênio, compatível com cilindros de oxigênio e dotado de escala graduada para ajuste preciso do fluxo | 449052
1445;GAEPH;publicado com pendência;unidade_fornecimento_ausente;170495;851;6530;4911.8;Gel condutor descartável para pás de desfibrilador externo, indicado para melhorar a condução elétrica durante procedimentos de desfibrilação e monitorização cardíaca | 449052
1447;GAEPH;publicado com pendência;unidade_fornecimento_ausente;170495;853;8105;22400.0;Pochete para atendimento pré-hospitalar, confeccionada em material resistente, com compartimentos para transporte de materiais e insumos | 339030
1449;GAEPH;publicado com pendência;unidade_fornecimento_ausente;170495;855;6530;16359.0;Prancha rígida infantil, para imobilização e transporte de pacientes pediátricos, confeccionada em material resistente e radiotransparente | 449052
1454;GAEPH;publicado com pendência;unidade_fornecimento_ausente;170495;858;4230;4288.0;Fitas reagentes para ácido peracético, utilizadas para verificação da concentração ou atividade do produto | 449052
1459;GAEPH;publicado com pendência;unidade_fornecimento_ausente;170495;860;8430;165.18;Bota de borracha para limpeza, tamanho 39, impermeável, antiderrapante e resistente | 339030
1461;GAEPH;publicado com pendência;unidade_fornecimento_ausente;170495;862;8430;210.87;Bota de borracha para limpeza, tamanho 40, impermeável, antiderrapante e resistente | 339030
1463;GAEPH;publicado com pendência;unidade_fornecimento_ausente;170495;864;8430;179.52;Bota de borracha para limpeza, tamanho 41, impermeável, antiderrapante e resistente | 339030
1465;GAEPH;publicado com pendência;unidade_fornecimento_ausente;170495;866;8430;174.0;Bota de borracha para limpeza, tamanho 42, impermeável, antiderrapante e resistente | 339030
1467;GAEPH;publicado com pendência;unidade_fornecimento_ausente;170495;868;8430;210.87;Bota de borracha para limpeza, tamanho 43, impermeável, antiderrapante e resistente | 339030
1469;GAEPH;publicado com pendência;unidade_fornecimento_ausente;170495;870;7920;1152.0;Rodo, com base e cabo resistente, destinado à limpeza e remoção de água em superfícies | 339030
1471;GAEPH;publicado com pendência;unidade_fornecimento_ausente;170495;872;5836;10000.0;CÂMERA MIRRORLESS | 449052
1473;GAEPH;publicado com pendência;unidade_fornecimento_ausente;170495;874;5999;450.0;FILTRO DE LINHA | 339030
1475;GAEPH;publicado com pendência;unidade_fornecimento_ausente;170495;876;7060;2640.0;HD EXTERNO | 449052
1477;GAEPH;publicado com pendência;unidade_fornecimento_ausente;170495;878;8912;15000.0;IMPRESSÃO MANUAL DE APH | 339039
1487;GAEPH;publicado com pendência;unidade_fornecimento_ausente;170495;883;6530;60000.0;TORNIQUETE JUNCIONAL | 449052
1489;GAEPH;publicado com pendência;unidade_fornecimento_ausente;170495;885;6530;16000.0;Bolsa para atendimento pré-hospitalar (APH), confeccionada em material resistente e impermeável, nas cores azul e laranja, com compartimentos internos e externos para acondicionamento e transporte organizado de materiais e equipamentos de emergência | 449052
1491;GAEPH;publicado com pendência;unidade_fornecimento_ausente;170495;887;6530;220.0;Bolsa para transporte e armazenamento de medicamentos, confeccionada em material resistente e de fácil higienização, com divisórias internas para organização e identificação dos medicamentos | 449052
1493;GAEPH;publicado com pendência;unidade_fornecimento_ausente;170495;889;6532;1800000.0;EPI SOCORRISTA | 339030
1495;GAEPH;publicado com pendência;unidade_fornecimento_ausente;170495;891;6530;379000.0;MOCHILA TÁTICA PARA SOCORRISTA | 449052
1497;GAEPH;publicado com pendência;unidade_fornecimento_ausente;170495;893;6240;4000.0;SOFT BOX COM LÂMPADAS DE LED DE 130W COM TRIPÉ | 339030
1501;GAEPH;publicado com pendência;unidade_fornecimento_ausente;170495;897;9290;90000.0;Curso AMLS (Advanced Medical Life Support), treinamento anual voltado ao suporte avançado de vida e manejo de pacientes clínicos em urgência e emergência | 339039
1503;GAEPH;publicado com pendência;unidade_fornecimento_ausente;170495;899;6515;133000.0;CADEIRA DE REMOÇÃO | 449052
1505;GAEPH;publicado com pendência;unidade_fornecimento_ausente;170495;901;5836;3000.0;CÂMERAS ESPORTIVAS (TIPO GOPRO) | 449052
1510;GAEPH;publicado com pendência;unidade_fornecimento_ausente;170495;904;6530;102750.0;Colar cervical descartável para imobilização da coluna cervical em pacientes adultos, confeccionado em material resistente, ajustável, radiotransparente e com fechamento em velcro, acondicionado em kit com 16 unidades | 449052
1516;CEMEV;publicado com pendência;unidade_fornecimento_ausente;170495;905;2610;6678725.55;Aquisição com fornecimento contínuo de pneus novos | 339030
1520;GAEPH;publicado com pendência;unidade_fornecimento_ausente;170495;908;8465;570000.0;EPI MOTORRESGATE | 339030
1527;GAEPH;publicado com pendência;unidade_fornecimento_ausente;170495;910;5965;1500.0;MICROFONE INDIVIDUAL DE LAPELA SEM FIO | 339030
1535;GAEPH;publicado com pendência;unidade_fornecimento_ausente;170495;918;9290;28000.0;Curso de Metodologias Ativas, destinado à capacitação em estratégias pedagógicas centradas no aprendizado ativo | 339039
1537;GAEPH;publicado com pendência;unidade_fornecimento_ausente;170495;920;9290;24500.0;Congresso Panamericano de Trauma, evento científico voltado à atualização em atendimento ao trauma e áreas correlatas | 339039
1539;GAEPH;publicado com pendência;unidade_fornecimento_ausente;170495;922;9290;32000.0;Pós-Graduação Lato Sensu em Urgência e Emergência, destinada à especialização de profissionais na assistência em situações agudas e atendimento emergencial | 339039
1541;GAEPH;publicado com pendência;unidade_fornecimento_ausente;170495;924;5975;200.0;ADAPTADORES PARA ENTRADA P2 | 339030
1543;GAEPH;publicado com pendência;unidade_fornecimento_ausente;170495;926;1821;1550.0;ASSINATURA DO PROGRAMA POWER BI (ANUAL) | 339039
1545;GAEPH;publicado com pendência;unidade_fornecimento_ausente;170495;928;5999;750.0;EXTENSÃO | 339030
1550;GAEPH;publicado com pendência;unidade_fornecimento_ausente;170495;931;6530;75480.0;Colar cervical descartável para imobilização da coluna cervical em pacientes pediátricos, confeccionado em material resistente, ajustável, radiotransparente e com fechamento em velcro, acondicionado em kit com 12 unidades | 449052
1555;GAEPH;publicado com pendência;unidade_fornecimento_ausente;170495;933;6910;45000.0;SANGUE ARTIFICIAL | 339030
1557;GAEPH;publicado com pendência;unidade_fornecimento_ausente;170495;935;6910;30000.0;SIMULADOR DE PREENCHIMENTO DE FERIDAS | 339030
1569;GAEPH;publicado com pendência;unidade_fornecimento_ausente;170495;947;3415;20160.0;Ferramentas, Máquinas e utensílios de marcenaria, Carpintaria e serralheria, MICRO RETÍFICA MANUAL, bivolt (127/220V) e 60Hz, garantia de 2 anos ou mais, velocidade variável, rotação mínima de 5000 a 35.000 rpm | 449052
1571;GAEPH;publicado com pendência;unidade_fornecimento_ausente;170495;949;9290;60000.0;Curso de Ultrassonografia na Emergência Pré-Hospitalar (UEPH), destinado à capacitação no uso da ultrassonografia em atendimentos pré-hospitalares | 339039
1583;GAEPH;publicado com pendência;unidade_fornecimento_ausente;170495;956;6910;8000.0;TAPUMES METÁLICOS | 339030
1585;GAEPH;publicado com pendência;unidade_fornecimento_ausente;170495;958;5836;4000.0;TELA DE FUNDO VERDE RETRÁTIL E PORTÁTIL | 449052
1589;GAEPH;publicado com pendência;unidade_fornecimento_ausente;170495;962;8465;2500.0;TRAÇADO 1m x 1,40m | 339030
1591;GAEPH;publicado com pendência;unidade_fornecimento_ausente;170495;964;9290;100000.0;Visita Técnica Internacional, atividade técnica e institucional realizada em outro país para observação, intercâmbio de experiências e capacitação | 339039
1593;GAEPH;publicado com pendência;unidade_fornecimento_ausente;170495;966;1821;1600.0;ASSINATURA DO PROGRAMA COREL DRAW | 339039
1595;GAEPH;publicado com pendência;unidade_fornecimento_ausente;170495;968;8120;10000.0;CILINDROS DE OXIGÊNIO PARA OXIGENIOTERAPIA | 339030
1597;GAEPH;publicado com pendência;unidade_fornecimento_ausente;170495;970;7610;600.0;LIVRO MEDICINA DE EMERGÊNCIA | 339030
1599;GAEPH;publicado com pendência;unidade_fornecimento_ausente;170495;972;4240;400.0;FITA TUBULAR 25MM E CARGA DE 22KN (50m) | 449052
1601;GAEPH;publicado com pendência;unidade_fornecimento_ausente;170495;974;1821;950.0;ASSINATURA PREZZI | 339039
1610;GAEPH;publicado com pendência;unidade_fornecimento_ausente;170495;979;7610;250.0;LIVRO AMLS | 339030
1612;GAEPH;publicado com pendência;unidade_fornecimento_ausente;170495;981;5650;42000.0;TENDA 10 X 10 PIRAMIDAL | 339030
1614;GAEPH;publicado com pendência;unidade_fornecimento_ausente;170495;983;7610;250.0;LIVRO MANUAL DE WALLS | 339030
1616;GAEPH;publicado com pendência;unidade_fornecimento_ausente;170495;985;6910;20000.0;MANEQUINS PARA SIMULAÇÃO DE MANEJO DE VIAS AÉREAS | 339030
1618;GAEPH;publicado com pendência;unidade_fornecimento_ausente;170495;987;6260;2000.0;SOMBRINHA DIFUSORA DE LÂMPADA LED | 339030
1620;GAEPH;publicado com pendência;unidade_fornecimento_ausente;170495;989;6510;30000.0;GAZE HEMOSTÁTICA | 339030
1622;GAEPH;publicado com pendência;unidade_fornecimento_ausente;170495;991;5965;600.0;FONE HEADSET | 339030
1624;GAEPH;publicado com pendência;unidade_fornecimento_ausente;170495;993;7350;1000.0;MESA DOBRÁVEL TIPO MALETA | 339030
1626;GAEPH;publicado com pendência;unidade_fornecimento_ausente;170495;995;8465;70000.0;JOELHEIRA ARTICULADA | 339030
1628;GAEPH;publicado com pendência;unidade_fornecimento_ausente;170495;997;6530;78000.0;KIT DESASTRE SCI | 449052
1632;GAEPH;publicado com pendência;unidade_fornecimento_ausente;170495;1000;6530;1254.0;Instrumental e utensílios para uso em hospitais e ambulatórios, KIT CÂNULA DE GUEDEL, contendo 06 unidades com diferentes tamanhos (0 a 5), comprimentos de 6 cm, 7 cm, 8 cm, 9,5 cm, 12 cm e 12,5 cm | 449052
1637;GAEPH;publicado com pendência;unidade_fornecimento_ausente;170495;1002;6530;120000.0;MACA À VÁCUO | 449052
1639;GAEPH;publicado com pendência;unidade_fornecimento_ausente;170495;1004;5836;3120.0;HOME THEATER | 449052
1651;GAEPH;publicado com pendência;unidade_fornecimento_ausente;170495;1015;6530;646.0;Instrumental e utensílios para uso em hospitais e ambulatórios, KIT CÂNULA DE GUEDEL, contendo 06 unidades com diferentes tamanhos (0 a 5), comprimentos de 6 cm, 7 cm, 8 cm, 9,5 cm, 12 cm e 12,5 cm | 449052
1668;GAEPH;publicado com pendência;unidade_fornecimento_ausente;170495;1028;6530;364.8;Instrumental e utensílios para uso em hospitais e ambulatórios, KIT CÂNULA DE GUEDEL, contendo 06 unidades com diferentes tamanhos (0 a 5), comprimentos de 6 cm, 7 cm, 8 cm, 9,5 cm, 12 cm e 12,5 cm | 449052
1685;GAEPH;publicado com pendência;unidade_fornecimento_ausente;170495;1041;6530;638.4;Instrumental e utensílios para uso em hospitais e ambulatórios, KIT CÂNULA DE GUEDEL, contendo 06 unidades com diferentes tamanhos (0 a 5), comprimentos de 6 cm, 7 cm, 8 cm, 9,5 cm, 12 cm e 12,5 cm | 449052
1702;GAEPH;publicado com pendência;unidade_fornecimento_ausente;170495;1054;6530;8291.6;Instrumental e utensílios para uso em hospitais e ambulatórios, KIT CÂNULA DE GUEDEL, contendo 06 unidades com diferentes tamanhos (0 a 5), comprimentos de 6 cm, 7 cm, 8 cm, 9,5 cm, 12 cm e 12,5 cm | 449052
1719;GAEPH;publicado com pendência;unidade_fornecimento_ausente;170495;1067;6530;8025.6;Instrumental e utensílios para uso em hospitais e ambulatórios, KIT CÂNULA DE GUEDEL, contendo 06 unidades com diferentes tamanhos (0 a 5), comprimentos de 6 cm, 7 cm, 8 cm, 9,5 cm, 12 cm e 12,5 cm | 449052
1736;GAEPH;publicado com pendência;unidade_fornecimento_ausente;170495;1080;6530;8861.6;Instrumental e utensílios para uso em hospitais e ambulatórios, KIT CÂNULA DE GUEDEL, contendo 06 unidades com diferentes tamanhos (0 a 5), comprimentos de 6 cm, 7 cm, 8 cm, 9,5 cm, 12 cm e 12,5 cm | 449052
1742;CEMEV;publicado com pendência;unidade_fornecimento_ausente;170495;1081;9140;1160624.83;Aquisição com fornecimento contínuo de óleos lubrificantes para utilização nas viaturas do CBMDF | 339030
1798;POMED;publicado com pendência;unidade_fornecimento_ausente;170495;1122;6530;9400.0;Aquisição de Cortinas para divisória de leitos | 449052
1815;POMED;publicado com pendência;unidade_fornecimento_ausente;170495;1135;6525;94000.0;Aquisição de Filmes radiológicos e eletrodos para teste ergométrico | 449052
1816;GAEPH;publicado com pendência;unidade_fornecimento_ausente;170495;1136;7930;2340.0;Detergente automotivo, galão de 5 litros, indicado para limpeza e remoção de sujidades | 339030
1833;GAEPH;publicado com pendência;unidade_fornecimento_ausente;170495;1149;9290;30000.0;Curso de Pós-Graduação em Educação a Distância, destinado à especialização em planejamento, gestão e desenvolvimento de processos educacionais na modalidade EAD | 339039
1867;GAEPH;publicado com pendência;unidade_fornecimento_ausente;170495;1175;6530;64000.0;Cinta pélvica para estabilização e imobilização de fraturas ou suspeitas de lesões pélvicas, confeccionada em material resistente, ajustável e de fácil | 449052
1884;GAEPH;publicado com pendência;unidade_fornecimento_ausente;170495;1188;6530;28000.0;Conjunto de contenção física para pacientes em situação de agitação psicomotora ou risco de autoagressão, composto por faixas ajustáveis e acolchoadas para imobilização segura dos membros, confeccionadas em material resistente e de fácil higienização | 449052
1924;CEMEV;publicado com pendência;unidade_fornecimento_ausente;170495;1215;8465;75024.85;Aquisição de Equipamentos de Proteção Individual (EPIs), visando atender às necessidades do Centro de Manutenção de Equipamentos e Viaturas (CEMEV) | 339030
1947;GAEPH;publicado com pendência;unidade_fornecimento_ausente;170495;1231;6530;5504.0;Tubo de látex nº 200, utilizado como garrote ou em aplicações compatíveis, fornecido em metro | 449052
1958;PODON;publicado com pendência;unidade_fornecimento_ausente;170495;1239;6515;5490.2;(ID PROVISÓRIO 35315) BROCA PARA SISTEMA CAM DE FRESAGEM | 449052
1959;PODON;publicado com pendência;unidade_fornecimento_ausente;170495;1240;6515;52146.6;(ID PROVISÓRIO 35310) RESTAURADOR ODONTOLÓGICO A3,5 BLOCO DE CERÂMICA PURA, PARA USO EM SISTEMA CADCAM TIPO CEREC, POLICROMÁTICO, TAMANHO 14 X 12 X 18 MM, TONALIDADE A3,5 | 449052
1960;PODON;publicado com pendência;unidade_fornecimento_ausente;170495;1241;6515;52146.6;(ID PROVISÓRIO 35309) RESTAURADOR ODONTOLÓGICO - A3 BLOCO DE CERÂMICA PURA, PARA USO EM SISTEMA CADCAM TIPO CEREC, POLICROMÁTICO, TAMANHO 14 X 12 X 18 MM, TONALIDADE A3 | 449052
1964;GAEPH;publicado com pendência;unidade_fornecimento_ausente;170495;1244;6530;6156.0;Tubo de silicone/látex para aspiração, fornecido por metro, flexível e resistente, destinado a sistemas de sucção | 449052
1968;PODON;publicado com pendência;unidade_fornecimento_ausente;170495;1245;6515;52146.6;(ID PROVISÓRIO 35308) RESTAURADOR ODONTOLÓGICO - A2 BLOCO DE CERÂMICA PURA, PARA USO EM SISTEMA CADCAM TIPO CEREC, POLICROMÁTICO, TAMANHO 14 X 12 X 18 MM, TONALIDADE A2 | 449052
1969;PODON;publicado com pendência;unidade_fornecimento_ausente;170495;1246;6515;52146.6;(ID PROVISÓRIO 35307) RESTAURADOR ODONTOLÓGICO - A1 BLOCO DE CERÂMICA PURA, PARA USO EM SISTEMA CADCAM TIPO CEREC, POLICROMÁTICO, TAMANHO 14 X 12 X 18 MM, TONALIDADE A1 | 449052
1970;PODON;publicado com pendência;unidade_fornecimento_ausente;170495;1247;6515;11038.4;(ID PROVISÓRIO 35306) LÍQUIDO REFRIGERANTE UTILIZADO DURANTE FRESAGEM NA CONFECÇÃO DE PRÓTESES CERÂMICAS PRODUZIDAS ATRAVÉS DE CAD/CAM DENTAL CEREC. EMBALAGEM COM 1000ML | 449052
1971;PODON;publicado com pendência;unidade_fornecimento_ausente;170495;1248;6515;6250.0;(ID PROVISÓRIO 35305) TANQUE RESERVATÓRIO DE LIQUIDOS PARA O CEREC | 449052
1972;PODON;publicado com pendência;unidade_fornecimento_ausente;170495;1249;6520;84520.0;(ID PROVISÓRIO 35304) SISTEMA CELTRA DUO STAIN E OVERGLAZE. INDICADO PARA CARACTERIZAÇÃO E GLAZEAMENTO DE RESTAURAÇÕES EM SILICATO DE LÍTIO - CELTRA DUO. O SISTEMA É COMPOSTO POR POTE DE OVERGLAZE DE 5G | 449052
1973;PODON;publicado com pendência;unidade_fornecimento_ausente;170495;1250;6515;27600.0;(ID PROVISÓRIO 35303) BLOCOS HT (ALTA TRANSLUCIDEZ) - B1 RESTAURADOR ODONTOLÓGICO DE CERÂMICA VÍTREA DE SILICATO DE LÍTIO REFORÇADO COM ÓXIDO DE ZIRCÔNIA(10%), EQUIPADO COM CANAL DE PARAFUSO PRÉ- FABRICADO E DISPOSITIVO ANTI-ROTAÇÃO | 449052
1974;PODON;publicado com pendência;unidade_fornecimento_ausente;170495;1251;6515;46088.4;(ID PROVISÓRIO 35099) BLOCO DE CERÂMICA HÍBRIDA COM ESTRUTURA DE REDE DUPLA DE POLÍMERO DE METACRILATO PARA USO EM SISTEMA CADCAM TIPO CEREC. dimensão: 12X14X18, multicolor color, cor: 5 HT (caixa com 5 unidades) | 449052
1975;PODON;publicado com pendência;unidade_fornecimento_ausente;170495;1252;6515;46088.4;(ID PROVISÓRIO 35097) BLOCO DE CERÂMICA HÍBRIDA COM ESTRUTURA DE REDE DUPLA DE POLÍMERO DE METACRILATO PARA USO EM SISTEMA CADCAM TIPO CEREC. dimensão: 12X14X18, multicolor color, cor: A3 HT (caixa com 5 unidades) | 449052
1976;PODON;publicado com pendência;unidade_fornecimento_ausente;170495;1253;6515;46088.4;(ID PROVISÓRIO 35096) BLOCO DE CERÂMICA HÍBRIDA COM ESTRUTURA DE REDE DUPLA DE POLÍMERO DE METACRILATO PARA USO EM SISTEMA CADCAM TIPO CEREC. dimensão: 12X14X18, multicolor color, cor: A2 HT (caixa com 5 unidades) | 449052
1977;PODON;publicado com pendência;unidade_fornecimento_ausente;170495;1254;6515;46088.4;(ID PROVISÓRIO 35095) BLOCO DE CERÂMICA HÍBRIDA COM ESTRUTURA DE REDE DUPLA DE POLÍMERO DE METACRILATO PARA USO EM SISTEMA CADCAM TIPO CEREC. dimensão: 12X14X18, multicolor color, cor: A1 HT (caixa com 5 unidades) | 449052
1981;GAEPH;publicado com pendência;unidade_fornecimento_ausente;170495;1257;9290;60000.0;Curso de APH Tático (TEC), destinado à capacitação em atendimento pré-hospitalar tático e operações em ambiente de risco | 339039
1985;PODON;publicado com pendência;unidade_fornecimento_ausente;170495;1258;6515;5503.5;(ID PROVISÓRIO 35092) POLIDOR EXA-CERAPOL PARA POLIMENTO DE TODOS OS TIPOS DE CERÂMICAS. fomato de diso ou lentilha (a combinar com o fornecedor). Cores: cinza - 1ª fase e rosa 2ª fase (a combinar com o fornecedor). Autoclavável | 449052
1986;PODON;publicado com pendência;unidade_fornecimento_ausente;170495;1259;6515;2500.0;Cerec speedpaste | 449052
1987;PODON;publicado com pendência;unidade_fornecimento_ausente;170495;1260;9290;4950.0;(ID PROVISÓRIO 36035) Serviços de instrução e orientação profissional, CURSO DE ENDODONTIA | 339039
1988;PODON;publicado com pendência;unidade_fornecimento_ausente;170495;1261;9290;16800.0;(ID PROVISÓRIO 36034) Serviços de instrução e orientação profissional, CURSO DE DENTÍSTICA | 339039
1989;PODON;publicado com pendência;unidade_fornecimento_ausente;170495;1262;6530;25500.0;(ID PROVISÓRIO 36074) Equipamentos em geral para uso em hospitais, clínicas médicas-odontológicas e laboratoriais, GERADOR DE NITROGÊNIO | 449052
1990;PODON;publicado com pendência;unidade_fornecimento_ausente;170495;1263;9290;13000.0;(ID PROVISÓRIO 36033) Serviços de instrução e orientação profissional, CURSO DE PERIODONTIA | 339039
1991;PODON;publicado com pendência;unidade_fornecimento_ausente;170495;1264;6525;60000.0;(ID PROVISÓRIO 36031) Equipamentos em geral para uso em hospitais, clínicas médicas-odontológicas e laboratoriais, Ultrassom piezoelétrico - equipamento de uso odontológico com tecnologia piezoelétrica | 449052
1992;PODON;publicado com pendência;unidade_fornecimento_ausente;170495;1265;6515;700.0;ÓXIDO DE ALUMÍNIO | 449052
1994;PODON;publicado com pendência;unidade_fornecimento_ausente;170495;1267;6515;7200.0;Kit de parafusos para aperto de fresas, para fersadora primemill. Para uso com a fresadora Primemill Dentsply Sirona. Kit contendo no mínimo 5 (cinco) parafusos. Rosca de precisão, resistência ao torque | 449052
1998;GAEPH;publicado com pendência;unidade_fornecimento_ausente;170495;1270;6510;40000.0;SELO DE TÓRAX | 339030
2002;PODON;publicado com pendência;unidade_fornecimento_ausente;170495;1271;6515;8800.0;KIT DE CALIBRAÇÃO, P.D.REC. DA FRESADORA PRIMEMILL | 449052
2003;PODON;publicado com pendência;unidade_fornecimento_ausente;170495;1272;6515;13310.0;FERRAMENTA DE TORQUE, CHAVE DE BLOCOS FRESADORA PRIMEMILL | 449052
2032;GAEPH;publicado com pendência;unidade_fornecimento_ausente;170495;1296;6530;15552.0;Cateter nasal tipo óculos para oxigenoterapia em pacientes adultos, confeccionado em material flexível e atóxico, com pronga nasal anatômica, destinado à administração de oxigênio medicinal de forma contínua e confortável | 449052
2038;PODON;publicado com pendência;unidade_fornecimento_ausente;170495;1299;6515;950.4;Espátula para resina de Titânio n° 5 Utilizada na dentística restauradora e na estética para reconstrução da coroa dental de dentes anteriores e posteriores, devolvendo sua forma e função | 449052
2039;PODON;publicado com pendência;unidade_fornecimento_ausente;170495;1300;6515;950.4;Espátula para resina de Titânio n° 4 Utilizada na dentística restauradora e na estética para reconstrução da coroa dental de dentes anteriores e posteriores, devolvendo sua forma e função | 449052
2040;PODON;publicado com pendência;unidade_fornecimento_ausente;170495;1301;6515;950.4;Espátula para resina de Titânio n° 2 Utilizada na dentística restauradora e na estética para reconstrução da coroa dental de dentes anteriores e posteriores, devolvendo sua forma e função | 449052
2041;PODON;publicado com pendência;unidade_fornecimento_ausente;170495;1302;6515;950.4;Espátula para resina de Titânio n°01 Utilizada na dentística restauradora e na estética para reconstrução da coroa dental de dentes anteriores e posteriores, devolvendo sua forma e função | 449052
2049;GAEPH;publicado com pendência;unidade_fornecimento_ausente;170495;1309;6530;26210.0;Esparadrapo hipoalergênico para fixação de curativos, sondas e dispositivos médicos, confeccionado em tecido resistente com adesivo de alta aderência, de fácil | 449052
2059;PODON;publicado com pendência;unidade_fornecimento_ausente;170495;1316;6515;759.0;BROCA TUNGSTÊNIO PM, n°1610. Para uso em peça de mão (PM), material carboneto de tungstênio, formato tronco-cônica, corte cruzado grosso (haste verde). REF. ISO 500 104 194 220 060 | 449052
2060;PODON;publicado com pendência;unidade_fornecimento_ausente;170495;1317;6515;759.0;BROCA TUNGSTÊNIO PM nº 17110.031HP. Para uso em peça de mão (PM). Material carboneto de tungstênio, formato esférica, corte cruzado médio (haste azul) | 449052
2061;PODON;publicado com pendência;unidade_fornecimento_ausente;170495;1318;6515;759.0;BROCA TUNGSTÊNIO PM nº 1010.023 HP. Para uso em peça de mão (PM). Material: carboneto de tungstênio. Formato em chama, corte cruzado médio (haste azul).REFERÊNCIA:REF. ISO 500 104 257 190 060 | 449052
2062;PODON;publicado com pendência;unidade_fornecimento_ausente;170495;1319;6515;759.0;BROCA TUNGSTÊNIO PM n°1510 para uso em peça de mão (PM). Material carboneto de tungstênio, formato tronco-cônica, corte cruzado médio (haste azul). REF ISO 500 104 194 190 060 | 449052
2066;GAEPH;publicado com pendência;unidade_fornecimento_ausente;170495;1322;6530;20160.0;Torniquete tático, faixa de contenção para controle temporário de hemorragias em situação de emergência, confeccionada em material resistente e ajustável | 449052
2070;PODON;publicado com pendência;unidade_fornecimento_ausente;170495;1323;6515;1008.2;BROCA TUNGSTÊNIO PM, n° 1520. Para uso em peça de mão (PM). Material carboneto de tungstênio, formato tronco-cônica arredondada, tipo corte cruzado fino (haste vermelha). REF. ISO 500 104 194 140 060 | 449052
2071;PODON;publicado com pendência;unidade_fornecimento_ausente;170495;1324;6515;759.0;BROCA TUNGSTÊNIO PM n° 1517. Para uso em peça de mão (PM). MAterial: carboneto de tungstênio, formato cônica arredondada, tipo corte cruzado fino (haste vermelha). Referência. REFERÊNCIA REF. ISO 500 104 274 140 060 | 449052
2072;PODON;publicado com pendência;unidade_fornecimento_ausente;170495;1325;6515;759.0;BROCA TUNGSTÊNIO PM n°1511. Para uso em peça de mão (PM), material: carboneto de tungstênio, formato: agulha, corte cruzado fino (haste vermelha). REF. ISO 500 104 194 140 023 | 449052
2073;PODON;publicado com pendência;unidade_fornecimento_ausente;170495;1326;6515;3676.2;PIGMENTO CERÂMICO PARA COLORAÇÃO DE CERÂMICA E DILUIÇÃO COM CERÂMICA IPS E. MAX CERAM. Cor: MAHOGANY (MARROM). Tipo IPS IVOCOLOR ESSENCE. Frasco com 1,8 G | 449052
2074;PODON;publicado com pendência;unidade_fornecimento_ausente;170495;1327;6515;4920.0;PASTA REFRATÁRIA utilizada para fixar as restaurações de cerâmica ao pino de cristalização para ser fixada à bandeja de queima e levada ao forno, tipo Object FIX. Seringa com 10 ml | 449052
2075;PODON;publicado com pendência;unidade_fornecimento_ausente;170495;1328;6515;6957.0;POLIDOR PONTA MONTADA DE SILICONE COM ÓXIDO DE ALUMÍNIO PARA PEÇA RETA | 449052
2076;PODON;publicado com pendência;unidade_fornecimento_ausente;170495;1329;6530;18050.0;Incubadora de 3 horas Incubadora projetada para incubar e realizar leituras automáticas de Indicadores biológicos para vapor 3 horas à 60°C para um resultado negativo de leitura de fluorescência em 3 horas | 449052
2083;GAEPH;publicado com pendência;unidade_fornecimento_ausente;170495;1335;9290;35000.0;SBMEDE 2027 (Congresso Sul-Brasileiro de Medicina de Emergência Adulto e Pediátrico), evento científico voltado à atualização em medicina de emergência adulta e pediátrica | 339039
2088;PODON;publicado com pendência;unidade_fornecimento_ausente;170495;1337;6520;124.5;Material odontológico GRAMPO PARA ISOLAMENTO Nº 209 | 449052
2089;PODON;publicado com pendência;unidade_fornecimento_ausente;170495;1338;6515;124.5;Material odontológico GRAMPO ISOLAMENTO Nº 12A | 449052
2090;PODON;publicado com pendência;unidade_fornecimento_ausente;170495;1339;6515;124.5;Material odontológico GRAMPO PARA ISOLAMENTO Nº 205 | 449052
2091;PODON;publicado com pendência;unidade_fornecimento_ausente;170495;1340;6515;124.5;Material odontológico GRAMPO PARA ISOLAMENTO Nº 26 | 449052
2092;PODON;publicado com pendência;unidade_fornecimento_ausente;170495;1341;6515;124.5;Material odontológico GRAMPO PARA ISOLAMENTO Nº 200 | 449052
2093;PODON;publicado com pendência;unidade_fornecimento_ausente;170495;1342;6515;124.5;Material odontológico GRAMPO PARA ISOLAMENTO Nº 207 | 449052
2094;PODON;publicado com pendência;unidade_fornecimento_ausente;170495;1343;6515;124.5;Material odontológico GRAMPO PARA ISOLAMENTO Nº 14 | 449052
2095;PODON;publicado com pendência;unidade_fornecimento_ausente;170495;1344;6515;124.5;(26403) Material odontológico GRAMPO PARA ISOLAMENTO Nº 204 | 449052
2096;PODON;publicado com pendência;unidade_fornecimento_ausente;170495;1345;6515;124.5;Material odontológico GRAMPO PARA ISOLAMENTO Nº 13A | 449052
2100;GAEPH;publicado com pendência;unidade_fornecimento_ausente;170495;1348;6530;26976.0;MACA DE RESGATE TÁTICO MALEÁVEL | 449052
2106;CEMEV;publicado com pendência;unidade_fornecimento_ausente;170495;1349;8399;192671.55;Contratação de empresa especializada para a prestação de serviços de alinhamento de direção, balanceamento, cambagem, caster e troca de pneus da frota veicular do CBMDF, por um período de 30 (trinta) meses | 339039
2115;PODON;publicado com pendência;unidade_fornecimento_ausente;170495;1353;6515;124.5;Material odontológico GRAMPO PARA ISOLAMENTO Nº 14A | 449052
2116;PODON;publicado com pendência;unidade_fornecimento_ausente;170495;1354;6515;124.5;Material odontológico GRAMPO PARA ISOLAMENTO Nº W8A | 449052
2117;PODON;publicado com pendência;unidade_fornecimento_ausente;170495;1355;6515;124.5;Material odontológico GRAMPO PARA ISOLAMENTO Nº W2A | 449052
2122;PODON;publicado com pendência;unidade_fornecimento_ausente;170495;1360;6520;28312.0;(ID PROVISÓRIO 36605) KIT DE BRAQUETES. Prescrição Capelozza ou Roth/ Classe I | 449052
2126;GAEPH;publicado com pendência;unidade_fornecimento_ausente;170495;1363;6530;390000.0;MACA ELÉTRICA | 449052
2133;GAEPH;publicado com pendência;unidade_fornecimento_ausente;170495;1366;8415;8000.0;LENÇOL SOLTEIRO | 339030
2195;CEMEV;publicado com pendência;unidade_fornecimento_ausente;170495;1391;2590;40150.0;Aquisição com fornecimento contínuo de extintores veiculares para viaturas do CBMDF | 339030
2276;CEMEV;publicado com pendência;unidade_fornecimento_ausente;170495;1425;9999;656340.33;Aquisição de peças e acessórios para manutenção e reposição de componentes dos equipamentos do CBMDF | 339030
2279;GAEPH;publicado com pendência;unidade_fornecimento_ausente;170495;1428;4230;11323.2;Ácido peracético, galão de 5 L, utilizado como agente desinfetante e esterilizante | 449052
2351;GAEPH;publicado com pendência;unidade_fornecimento_ausente;170495;1458;6530;532713.32;Atadura de crepom ou elástica, largura de 30 cm, confeccionada em tecido de alta resistência e elasticidade, indicada para curativos, imobilizações e compressões, não estéril. (pacote com 12 unid) | 449052
2357;CEMEV;publicado com pendência;unidade_fornecimento_ausente;170495;1459;8715;60000.0;Contratação de empresa especializada para manutenir os elevadores automotivos do Centro de Manutenção de Equipamentos e Viaturas (CEMEV) do CBMDF | 339039
2359;POMED;publicado com pendência;unidade_fornecimento_ausente;170495;1461;6515;3170.0;(34784) CABO DE SINCRONISMO CARDÍACO (GATING/ECG) PARA TOMOGRAFIA COMPUTADORIZADA | 449052
2360;GAEPH;publicado com pendência;unidade_fornecimento_ausente;170495;1462;9290;600000.0;Curso Técnico em Enfermagem, destinado à formação técnica de profissionais para atuação na assistência e cuidados de enfermagem | 339039
